ticket,symbol,type,profit,strategy,comment,open_time,close_time
14,PEP,BUY,-5.600000000000307,FB_15M_1M,FB|15M_1M|RVDIV,2025-11-14 14:50:00+00:00,2025-11-14 14:52:00+00:00
11,KO,BUY,-2.9999999999999716,FB_15M_1M,FB|15M_1M|RVDIV,2025-11-14 14:49:00+00:00,2025-11-14 14:53:00+00:00
20,HD,BUY,-6.999999999999886,FB_15M_1M,FB|15M_1M|RVDIV,2025-11-14 14:51:00+00:00,2025-11-14 14:54:00+00:00
5,AUDNZD,BUY,-4.771031999999727,FB_15M_1M,FB|15M_1M|RVDIV,2025-11-14 14:45:00+00:00,2025-11-14 14:56:00+00:00
28,EURUSD,SELL,-3.5000000000007248,FB_15M_1M,FB|15M_1M|BVRVDIV,2025-11-14 14:55:00+00:00,2025-11-14 14:57:00+00:00
3,XAUUSD,SELL,-51.35000000000218,TB_15M_1M,TB|15M_1M|BVRT,2025-11-14 14:44:00+00:00,2025-11-14 15:00:00+00:00
4,USDJPY,BUY,-6.988346285500093,TB_15M_1M,TB|15M_1M|BVRT,2025-11-14 14:44:00+00:00,2025-11-14 15:00:00+00:00
18,USDJPY,BUY,-8.541312126722337,FB_4H_5M,FB|4H_5M|RVRVolDIV,2025-11-14 14:50:00+00:00,2025-11-14 15:00:00+00:00
17,GBPNZD,BUY,-14.937873999999495,TB_4H_5M,TB|4H_5M|RT,2025-11-14 14:50:00+00:00,2025-11-14 15:03:00+00:00
19,EA,SELL,-2.1999999999999886,FB_15M_1M,FB|15M_1M|RVDIV,2025-11-14 14:51:00+00:00,2025-11-14 15:08:00+00:00
26,PG,SELL,-8.300000000000125,TB_15M_1M,TB|15M_1M|BVRT,2025-11-14 14:55:00+00:00,2025-11-14 15:09:00+00:00
7,MCD,SELL,7.799999999999727,TB_15M_1M,TB|15M_1M|BVRTCV,2025-11-14 14:48:00+00:00,2025-11-14 15:11:00+00:00
13,JNJ,SELL,-4.800000000000182,FB_15M_1M,FB|15M_1M|RVDIV,2025-11-14 14:49:00+00:00,2025-11-14 15:11:00+00:00
10,JPM,BUY,-23.900000000000432,TB_15M_1M,TB|15M_1M|RT,2025-11-14 14:48:00+00:00,2025-11-14 15:12:00+00:00
25,KO,SELL,-4.099999999999966,TB_15M_1M,TB|15M_1M|BVRT,2025-11-14 14:54:00+00:00,2025-11-14 15:12:00+00:00
32,GBPJPY,BUY,-7.2471739257050265,TB_4H_5M,TB|4H_5M|RT,2025-11-14 15:00:00+00:00,2025-11-14 15:13:00+00:00
23,HD,SELL,-22.299999999999613,TB_15M_1M,TB|15M_1M|RTCV,2025-11-14 14:53:00+00:00,2025-11-14 15:15:00+00:00
52,PG,SELL,-2.0999999999997954,FB_15M_1M,FB|15M_1M|RVDIV,2025-11-14 15:16:00+00:00,2025-11-14 15:20:00+00:00
43,JPM,BUY,13.799999999999386,FB_15M_1M,FB|15M_1M|RVDIV,2025-11-14 15:11:00+00:00,2025-11-14 15:21:00+00:00
44,COST,SELL,-25.400000000000773,FB_15M_1M,FB|15M_1M|RVDIV,2025-11-14 15:11:00+00:00,2025-11-14 15:21:00+00:00
47,JPM,SELL,-19.90000000000009,TB_15M_1M,TB|15M_1M|RT,2025-11-14 15:13:00+00:00,2025-11-14 15:21:00+00:00
57,JP225,SELL,-0.3008871317367982,TB_15M_1M,TB|15M_1M|RT,2025-11-14 15:21:00+00:00,2025-11-14 15:24:00+00:00
42,PEP,BUY,-0.30000000000001137,FB_4H_5M,FB|4H_5M|RVDIV,2025-11-14 15:10:00+00:00,2025-11-14 15:27:00+00:00
33,TMUS,BUY,4.099999999999966,FB_15M_1M,FB|15M_1M|RVDIV,2025-11-14 15:01:00+00:00,2025-11-14 15:28:00+00:00
45,USOIL,BUY,-10.799999999999699,TB_15M_1M,TB|15M_1M|BVRT,2025-11-14 15:12:00+00:00,2025-11-14 15:28:00+00:00
49,AVGO,SELL,-11.299999999999955,TB_4H_5M,TB|4H_5M|RT,2025-11-14 15:15:00+00:00,2025-11-14 15:28:00+00:00
35,WMT,SELL,0.0,FB_15M_1M,FB|15M_1M|RVDIV,2025-11-14 15:02:00+00:00,2025-11-14 15:32:00+00:00
62,EURUSD,SELL,-5.700000000001815,FB_15M_1M,FB|15M_1M|RVDIV,2025-11-14 15:27:00+00:00,2025-11-14 15:38:00+00:00
41,GBPNZD,SELL,20.67447199999924,FB_4H_5M,FB|4H_5M|BVRVDIV,2025-11-14 15:05:00+00:00,2025-11-14 15:39:00+00:00
50,GBPJPY,SELL,3.300052412596347,FB_4H_5M,FB|4H_5M|RVDIV,2025-11-14 15:15:00+00:00,2025-11-14 15:40:00+00:00
54,PG,BUY,-8.099999999999739,TB_15M_1M,TB|15M_1M|RT,2025-11-14 15:20:00+00:00,2025-11-14 15:40:00+00:00
58,USOIL,SELL,-15.199999999999392,FB_15M_1M,FB|15M_1M|RVDIV,2025-11-14 15:23:00+00:00,2025-11-14 15:41:00+00:00
55,KO,BUY,-4.199999999999875,FB_4H_5M,FB|4H_5M|RVRVolDIV,2025-11-14 15:20:00+00:00,2025-11-14 15:43:00+00:00
67,XAUUSD,SELL,-77.5000000000091,TB_15M_1M,TB|15M_1M|RTCV,2025-11-14 15:33:00+00:00,2025-11-14 15:43:00+00:00
72,NZDUSD,SELL,-1.7999999999995797,TB_15M_1M,TB|15M_1M|RT,2025-11-14 15:42:00+00:00,2025-11-14 15:43:00+00:00
29,AUDNZD,SELL,4.998223999999954,TB_15M_1M,TB|15M_1M|RT,2025-11-14 14:55:00+00:00,2025-11-14 15:45:00+00:00
36,JPM,SELL,-20.600000000000023,FB_15M_1M,FB|15M_1M|RVDIV,2025-11-14 15:03:00+00:00,2025-11-14 15:46:00+00:00
66,AUDJPY,SELL,-5.500087354328165,TB_15M_1M,TB|15M_1M|RT,2025-11-14 15:32:00+00:00,2025-11-14 15:46:00+00:00
81,GBPUSD,BUY,-3.1000000000003247,TB_4H_5M,TB|4H_5M|BVRT,2025-11-14 15:50:00+00:00,2025-11-14 15:53:00+00:00
9,TMUS,SELL,-18.900000000000148,TB_15M_1M,TB|15M_1M|BVRT,2025-11-14 14:48:00+00:00,2025-11-14 15:56:00+00:00
16,GOOGL,BUY,21.399999999999864,TB_15M_1M,TB|15M_1M|BVRTCV,2025-11-14 14:50:00+00:00,2025-11-14 15:56:00+00:00
53,USDJPY,BUY,-7.9589499362630765,TB_15M_1M,TB|15M_1M|RT,2025-11-14 15:17:00+00:00,2025-11-14 15:56:00+00:00
68,AUDJPY,BUY,0.7117760105598883,FB_15M_1M,FB|15M_1M|RVDIV,2025-11-14 15:33:00+00:00,2025-11-14 15:56:00+00:00
1,AUDCAD,BUY,3.422240284045409,FB_15M_1M,FB|15M_1M|BVRVRVolDIV,2025-11-14 14:42:00+00:00,2025-11-14 15:57:00+00:00
69,TMUS,BUY,0.9000000000000341,FB_15M_1M,FB|15M_1M|RVDIV,2025-11-14 15:38:00+00:00,2025-11-14 15:59:00+00:00
48,GBPJPY,SELL,5.111845894023523,TB_15M_1M,TB|15M_1M|RT,2025-11-14 15:14:00+00:00,2025-11-14 16:00:00+00:00
24,EURUSD,BUY,1.40000000000029,TB_15M_1M,TB|15M_1M|RT,2025-11-14 14:53:00+00:00,2025-11-14 16:01:00+00:00
27,ADBE,BUY,6.399999999999864,FB_15M_1M,FB|15M_1M|RVDIV,2025-11-14 14:55:00+00:00,2025-11-14 16:02:00+00:00
21,XAUUSD,BUY,-81.92000000000007,FB_15M_1M,FB|15M_1M|RVDIV,2025-11-14 14:51:00+00:00,2025-11-14 16:03:00+00:00
80,ADBE,BUY,-17.300000000000182,TB_15M_1M,TB|15M_1M|BVRT,2025-11-14 15:48:00+00:00,2025-11-14 16:04:00+00:00
34,EA,BUY,0.9000000000000341,TB_15M_1M,TB|15M_1M|BVRT,2025-11-14 15:02:00+00:00,2025-11-14 16:08:00+00:00
85,AAPL,BUY,0.9999999999996589,FB_4H_5M,FB|4H_5M|BVRVDIV,2025-11-14 15:59:00+00:00,2025-11-14 16:09:00+00:00
99,GOOGL,SELL,-7.400000000000091,TB_4H_5M,TB|4H_5M|RT,2025-11-14 16:10:00+00:00,2025-11-14 16:13:00+00:00
87,XAUUSD,SELL,13.019999999996799,TB_15M_1M,TB|15M_1M|RT,2025-11-14 16:00:00+00:00,2025-11-14 16:18:00+00:00
78,USDCNH,BUY,-11.674231211739695,TB_15M_1M,TB|15M_1M|BVRTCV,2025-11-14 15:43:00+00:00,2025-11-14 16:19:00+00:00
86,ADBE,SELL,4.200000000000159,FB_15M_1M,FB|15M_1M|RVDIV,2025-11-14 16:00:00+00:00,2025-11-14 16:19:00+00:00
90,USDCNH,BUY,-9.702708449806137,FB_15M_1M,FB|15M_1M|RVDIV,2025-11-14 16:02:00+00:00,2025-11-14 16:19:00+00:00
95,XAGUSD,SELL,-91.00000000000108,TB_15M_1M,TB|15M_1M|RT,2025-11-14 16:07:00+00:00,2025-11-14 16:23:00+00:00
91,CSCO,SELL,-5.299999999999869,FB_15M_1M,FB|15M_1M|RVDIV,2025-11-14 16:03:00+00:00,2025-11-14 16:24:00+00:00
92,KO,BUY,-2.69999999999996,FB_15M_1M,FB|15M_1M|RVDIV,2025-11-14 16:03:00+00:00,2025-11-14 16:24:00+00:00
101,COST,SELL,-19.500000000000455,FB_15M_1M,FB|15M_1M|RVDIV,2025-11-14 16:17:00+00:00,2025-11-14 16:27:00+00:00
6,AVGO,BUY,50.400000000000205,TB_15M_1M,TB|15M_1M|BVRTCV,2025-11-14 14:48:00+00:00,2025-11-14 16:32:00+00:00
70,AVGO,BUY,37.800000000000296,FB_4H_5M,FB|4H_5M|RVDIV,2025-11-14 15:40:00+00:00,2025-11-14 16:32:00+00:00
76,GBPCAD,BUY,-12.975994410340391,TB_15M_1M,TB|15M_1M|RTCV,2025-11-14 15:42:00+00:00,2025-11-14 16:35:00+00:00
93,AUDJPY,SELL,-6.276570274939286,TB_15M_1M,TB|15M_1M|RT,2025-11-14 16:05:00+00:00,2025-11-14 16:35:00+00:00
108,AUDUSD,SELL,-4.099999999999104,TB_15M_1M,TB|15M_1M|RT,2025-11-14 16:29:00+00:00,2025-11-14 16:35:00+00:00
30,USDJPY,SELL,6.147156454837739,FB_15M_1M,FB|15M_1M|RVDIV,2025-11-14 14:59:00+00:00,2025-11-14 16:38:00+00:00
38,PG,BUY,-10.0,FB_15M_1M,FB|15M_1M|RVDIV,2025-11-14 15:04:00+00:00,2025-11-14 16:38:00+00:00
40,USDJPY,SELL,7.635415386008749,TB_4H_5M,TB|4H_5M|RTCV,2025-11-14 15:05:00+00:00,2025-11-14 16:38:00+00:00
61,JP225,BUY,-0.9537798541506342,FB_15M_1M,FB|15M_1M|BVRVDIV,2025-11-14 15:24:00+00:00,2025-11-14 16:38:00+00:00
75,USOIL,BUY,92.6000000000002,TB_15M_1M,TB|15M_1M|BVRTCV,2025-11-14 15:42:00+00:00,2025-11-14 16:38:00+00:00
2,NZDCAD,BUY,17.752871473489073,FB_15M_1M,FB|15M_1M|RVRVolDIV,2025-11-14 14:43:00+00:00,2025-11-14 16:46:00+00:00
79,NZDUSD,BUY,12.799999999999478,FB_15M_1M,FB|15M_1M|RVDIV,2025-11-14 15:44:00+00:00,2025-11-14 16:46:00+00:00
100,ADBE,BUY,19.90000000000009,FB_15M_1M,FB|15M_1M|RVRVolDIV,2025-11-14 16:14:00+00:00,2025-11-14 16:46:00+00:00
104,CSCO,BUY,5.200000000000102,TB_15M_1M,TB|15M_1M|RTCV,2025-11-14 16:20:00+00:00,2025-11-14 16:46:00+00:00
37,USDZAR,BUY,-43.85326262075333,TB_15M_1M,TB|15M_1M|RTCV,2025-11-14 15:03:00+00:00,2025-11-14 16:57:00+00:00
74,HD,SELL,-11.7999999999995,FB_15M_1M,FB|15M_1M|BVRVDIV,2025-11-14 15:42:00+00:00,2025-11-14 16:58:00+00:00
22,PEP,SELL,-10.699999999999932,TB_15M_1M,TB|15M_1M|BVRT,2025-11-14 14:53:00+00:00,2025-11-14 16:59:00+00:00
77,GBPCAD,SELL,4.848173735731853,FB_15M_1M,FB|15M_1M|RVDIV,2025-11-14 15:43:00+00:00,2025-11-14 17:00:00+00:00
111,GBPCAD,SELL,-6.844480568093984,TB_15M_1M,TB|15M_1M|RT,2025-11-14 16:49:00+00:00,2025-11-14 17:01:00+00:00
8,XOM,BUY,13.300000000000125,TB_15M_1M,TB|15M_1M|BVRTCV,2025-11-14 14:48:00+00:00,2025-11-14 17:02:00+00:00
109,AUDUSD,BUY,4.00000000000067,FB_15M_1M,FB|15M_1M|BVRVDIV,2025-11-14 16:34:00+00:00,2025-11-14 17:18:00+00:00
110,EURNZD,SELL,6.0205880000016085,TB_15M_1M,TB|15M_1M|RT,2025-11-14 16:37:00+00:00,2025-11-14 17:18:00+00:00
31,NZDCAD,BUY,17.182498092814175,TB_15M_1M,TB|15M_1M|RT,2025-11-14 15:00:00+00:00,2025-11-14 17:19:00+00:00
82,EURNZD,SELL,26.12707999999965,FB_15M_1M,FB|15M_1M|RVDIV,2025-11-14 15:55:00+00:00,2025-11-14 17:19:00+00:00
59,GBPNZD,SELL,36.63471000000038,TB_15M_1M,TB|15M_1M|RTCV,2025-11-14 15:23:00+00:00,2025-11-14 17:20:00+00:00
88,AUDJPY,BUY,6.470691005092066,FB_15M_1M,FB|15M_1M|BVRVDIV,2025-11-14 16:00:00+00:00,2025-11-14 17:20:00+00:00
118,NZDCHF,SELL,-2.1409231156728605,TB_4H_5M,TB|4H_5M|RT,2025-11-14 17:30:00+00:00,2025-11-14 17:31:00+00:00
116,GBPCAD,SELL,-6.987073913260332,TB_15M_1M,TB|15M_1M|RT,2025-11-14 17:14:00+00:00,2025-11-14 17:32:00+00:00
96,XAGUSD,BUY,331.4999999999984,FB_15M_1M,FB|15M_1M|RVDIV,2025-11-14 16:08:00+00:00,2025-11-14 17:35:00+00:00
119,XAGUSD,BUY,-57.500000000001,TB_15M_1M,TB|15M_1M|RT,2025-11-14 17:34:00+00:00,2025-11-14 17:40:00+00:00
127,AUDCAD,SELL,-2.4240868678659266,TB_4H_5M,TB|4H_5M|RT,2025-11-14 17:50:00+00:00,2025-11-14 17:51:00+00:00
39,COST,BUY,41.49999999999977,TB_15M_1M,TB|15M_1M|RT,2025-11-14 15:04:00+00:00,2025-11-14 18:01:00+00:00
46,JNJ,BUY,8.700000000000045,TB_15M_1M,TB|15M_1M|RTCV,2025-11-14 15:13:00+00:00,2025-11-14 18:01:00+00:00
103,GOOGL,BUY,-10.400000000000205,FB_4H_5M,FB|4H_5M|RVDIV,2025-11-14 16:20:00+00:00,2025-11-14 18:01:00+00:00
126,PEP,BUY,-4.000000000000057,TB_4H_5M,TB|4H_5M|RT,2025-11-14 17:50:00+00:00,2025-11-14 18:01:00+00:00
129,GBPCAD,SELL,-9.767644144048463,TB_15M_1M,TB|15M_1M|RT,2025-11-14 17:54:00+00:00,2025-11-14 18:02:00+00:00
120,XAGUSD,SELL,-83.00000000000196,FB_15M_1M,FB|15M_1M|RVDIV,2025-11-14 17:35:00+00:00,2025-11-14 18:05:00+00:00
128,EURAUD,SELL,-9.802799999998921,FB_15M_1M,FB|15M_1M|RVDIV,2025-11-14 17:52:00+00:00,2025-11-14 18:11:00+00:00
107,NZDJPY,BUY,8.21777757646709,TB_15M_1M,TB|15M_1M|RT,2025-11-14 16:27:00+00:00,2025-11-14 18:12:00+00:00
113,GBPAUD,SELL,-16.011240000000416,TB_15M_1M,TB|15M_1M|RTCV,2025-11-14 16:54:00+00:00,2025-11-14 18:12:00+00:00
125,USDJPY,BUY,-6.082449544788345,FB_15M_1M,FB|15M_1M|RVDIV,2025-11-14 17:48:00+00:00,2025-11-14 18:12:00+00:00
84,TMUS,BUY,1.9999999999998863,TB_15M_1M,TB|15M_1M|RT,2025-11-14 15:58:00+00:00,2025-11-14 18:19:00+00:00
106,NZDUSD,BUY,13.500000000000734,TB_15M_1M,TB|15M_1M|RTCV,2025-11-14 16:26:00+00:00,2025-11-14 18:19:00+00:00
137,EURNZD,SELL,-5.509405999998259,TB_4H_5M,TB|4H_5M|RT,2025-11-14 18:15:00+00:00,2025-11-14 18:19:00+00:00
131,AUDCAD,BUY,-6.701887222923677,FB_4H_5M,FB|4H_5M|RVDIV,2025-11-14 18:00:00+00:00,2025-11-14 18:30:00+00:00
134,PEP,SELL,-3.0000000000001137,FB_4H_5M,FB|4H_5M|RVDIV,2025-11-14 18:10:00+00:00,2025-11-14 18:31:00+00:00
124,USDJPY,SELL,-7.506001565908121,TB_15M_1M,TB|15M_1M|RTCV,2025-11-14 17:44:00+00:00,2025-11-14 18:35:00+00:00
102,AAPL,SELL,-18.40000000000032,TB_4H_5M,TB|4H_5M|RT,2025-11-14 16:19:00+00:00,2025-11-14 18:38:00+00:00
130,EURJPY,BUY,3.7530007829531407,TB_4H_5M,TB|4H_5M|RT,2025-11-14 18:00:00+00:00,2025-11-14 18:42:00+00:00
89,TMUS,SELL,-8.400000000000034,FB_15M_1M,FB|15M_1M|RVDIV,2025-11-14 16:00:00+00:00,2025-11-14 18:43:00+00:00
136,NZDCHF,BUY,-5.289339462250186,TB_15M_1M,TB|15M_1M|RT,2025-11-14 18:15:00+00:00,2025-11-14 18:46:00+00:00
117,USDCNH,BUY,-10.29416527838658,TB_15M_1M,TB|15M_1M|RT,2025-11-14 17:18:00+00:00,2025-11-14 18:50:00+00:00
132,XAGUSD,BUY,-124.50000000000117,TB_15M_1M,TB|15M_1M|RT,2025-11-14 18:06:00+00:00,2025-11-14 18:53:00+00:00
141,GOOGL,SELL,0.3999999999996362,TB_4H_5M,TB|4H_5M|RT,2025-11-14 18:30:00+00:00,2025-11-14 18:53:00+00:00
148,JPM,SELL,-9.000000000000341,TB_15M_1M,TB|15M_1M|RT,2025-11-14 18:50:00+00:00,2025-11-14 18:53:00+00:00
122,NZDCHF,BUY,-4.785592846797953,FB_4H_5M,FB|4H_5M|BVRVDIV,2025-11-14 17:40:00+00:00,2025-11-14 19:03:00+00:00
149,AUDUSD,BUY,-4.6999999999997035,FB_15M_1M,FB|15M_1M|RVDIV,2025-11-14 18:52:00+00:00,2025-11-14 19:03:00+00:00
114,AUDCAD,BUY,-10.837094232811912,TB_15M_1M,TB|15M_1M|RT,2025-11-14 16:55:00+00:00,2025-11-14 19:06:00+00:00
121,GBPAUD,BUY,3.594359999997428,FB_15M_1M,FB|15M_1M|RVDIV,2025-11-14 17:40:00+00:00,2025-11-14 19:12:00+00:00
123,EURAUD,BUY,11.828711999999133,TB_15M_1M,TB|15M_1M|RT,2025-11-14 17:41:00+00:00,2025-11-14 19:12:00+00:00
133,NZDCHF,SELL,3.526226308167023,FB_15M_1M,FB|15M_1M|RVDIV,2025-11-14 18:07:00+00:00,2025-11-14 19:12:00+00:00
135,AUDCAD,SELL,3.2796469388766845,FB_15M_1M,FB|15M_1M|RVDIV,2025-11-14 18:13:00+00:00,2025-11-14 19:12:00+00:00
146,AUDUSD,SELL,1.300000000000745,TB_15M_1M,TB|15M_1M|BVRTCV,2025-11-14 18:48:00+00:00,2025-11-14 19:13:00+00:00
151,XAUUSD,SELL,-38.710000000000946,TB_4H_5M,TB|4H_5M|RT,2025-11-14 19:00:00+00:00,2025-11-14 19:14:00+00:00
145,TMUS,BUY,2.699999999999818,TB_15M_1M,TB|15M_1M|RTCV,2025-11-14 18:42:00+00:00,2025-11-14 19:17:00+00:00
138,AUDJPY,BUY,-6.2118633648889725,FB_15M_1M,FB|15M_1M|RVDIV,2025-11-14 18:23:00+00:00,2025-11-14 19:22:00+00:00
153,ADBE,SELL,-12.799999999999727,FB_15M_1M,FB|15M_1M|RVDIV,2025-11-14 19:08:00+00:00,2025-11-14 19:25:00+00:00
157,GBPUSD,SELL,-2.6999999999999247,FB_4H_5M,FB|4H_5M|RVDIV,2025-11-14 19:35:00+00:00,2025-11-14 19:41:00+00:00
140,TSLA,BUY,60.80000000000041,TB_15M_1M,TB|15M_1M|RT,2025-11-14 18:29:00+00:00,2025-11-14 19:46:00+00:00
154,HD,SELL,-3.299999999999841,FB_15M_1M,FB|15M_1M|RVDIV,2025-11-14 19:22:00+00:00,2025-11-14 19:46:00+00:00
147,AUDJPY,SELL,7.5060015659072015,TB_15M_1M,TB|15M_1M|BVRT,2025-11-14 18:48:00+00:00,2025-11-14 19:47:00+00:00
164,EURNZD,SELL,-2.499111999998716,TB_15M_1M,TB|15M_1M|RT,2025-11-14 19:46:00+00:00,2025-11-14 19:54:00+00:00
166,TSLA,SELL,-6.2000000000000455,TB_4H_5M,TB|4H_5M|RT,2025-11-14 19:55:00+00:00,2025-11-14 19:58:00+00:00
71,USDZAR,SELL,-28.54935699620224,TB_4H_5M,TB|4H_5M|RT,2025-11-14 15:40:00+00:00,2025-11-14 19:59:00+00:00
139,XAGUSD,SELL,271.4999999999996,FB_15M_1M,FB|15M_1M|RVDIV,2025-11-14 18:26:00+00:00,2025-11-14 19:59:00+00:00
160,TMUS,SELL,-3.200000000000216,FB_15M_1M,FB|15M_1M|RVDIV,2025-11-14 19:42:00+00:00,2025-11-14 19:59:00+00:00
98,JP225,SELL,1.0184867642015114,TB_15M_1M,TB|15M_1M|RT,2025-11-14 16:09:00+00:00,2025-11-14 20:00:00+00:00
144,EURNZD,BUY,12.722752000002636,FB_4H_5M,FB|4H_5M|RVDIV,2025-11-14 18:35:00+00:00,2025-11-14 20:00:00+00:00
168,AUDCAD,SELL,-3.9213169921363367,TB_15M_1M,TB|15M_1M|BVRTCV,2025-11-14 19:56:00+00:00,2025-11-14 20:00:00+00:00
158,NZDCHF,SELL,-4.281846231345721,TB_4H_5M,TB|4H_5M|RT,2025-11-14 19:35:00+00:00,2025-11-14 20:06:00+00:00
152,PEP,BUY,6.399999999999864,TB_15M_1M,TB|15M_1M|RTCV,2025-11-14 19:06:00+00:00,2025-11-14 20:14:00+00:00
156,TMUS,BUY,-4.10000000000025,TB_15M_1M,TB|15M_1M|BVRT,2025-11-14 19:33:00+00:00,2025-11-14 20:14:00+00:00
56,HD,BUY,-26.59999999999968,TB_15M_1M,TB|15M_1M|RT,2025-11-14 15:21:00+00:00,2025-11-14 20:21:00+00:00
155,GOOGL,BUY,-12.100000000000364,FB_4H_5M,FB|4H_5M|RVDIV,2025-11-14 19:25:00+00:00,2025-11-14 20:21:00+00:00
161,USDJPY,SELL,-7.31188083575626,TB_15M_1M,TB|15M_1M|BVRT,2025-11-14 19:43:00+00:00,2025-11-14 20:22:00+00:00
167,PG,BUY,-2.9999999999998295,FB_15M_1M,FB|15M_1M|RVDIV,2025-11-14 19:55:00+00:00,2025-11-14 20:22:00+00:00
165,HD,SELL,5.199999999999818,FB_15M_1M,FB|15M_1M|BVRVRVolDIV,2025-11-14 19:50:00+00:00,2025-11-14 20:36:00+00:00
176,EA,SELL,-1.8000000000000682,TB_4H_5M,TB|4H_5M|RT,2025-11-14 20:30:00+00:00,2025-11-14 20:38:00+00:00
150,JPM,BUY,-16.300000000000523,FB_15M_1M,FB|15M_1M|BVRVDIV,2025-11-14 18:53:00+00:00,2025-11-14 20:41:00+00:00
51,USDZAR,SELL,-29.976240057872243,FB_15M_1M,FB|15M_1M|RVRVolDIV,2025-11-14 15:15:00+00:00,2025-11-14 20:44:00+00:00
64,USDZAR,BUY,36.05218883276884,FB_4H_5M,FB|4H_5M|RVDIV,2025-11-14 15:30:00+00:00,2025-11-14 20:44:00+00:00
65,EURGBP,BUY,6.059902000000211,TB_4H_5M,TB|4H_5M|RTCV,2025-11-14 15:30:00+00:00,2025-11-14 20:44:00+00:00
83,USDCNH,SELL,-7.51995110623599,FB_15M_1M,FB|15M_1M|RVRVolDIV,2025-11-14 15:56:00+00:00,2025-11-14 20:44:00+00:00
94,USDCNH,SELL,-8.716947068838731,TB_15M_1M,TB|15M_1M|RT,2025-11-14 16:05:00+00:00,2025-11-14 20:44:00+00:00
112,GBPCAD,BUY,11.336170940900466,FB_15M_1M,FB|15M_1M|RVDIV,2025-11-14 16:51:00+00:00,2025-11-14 20:44:00+00:00
115,USDCNH,BUY,-10.195589140289838,FB_15M_1M,FB|15M_1M|RVDIV,2025-11-14 16:59:00+00:00,2025-11-14 20:44:00+00:00
142,USDJPY,BUY,6.5353979151432995,FB_15M_1M,FB|15M_1M|RVRVolDIV,2025-11-14 18:30:00+00:00,2025-11-14 20:44:00+00:00
143,AAPL,BUY,25.99999999999966,TB_15M_1M,TB|15M_1M|RT,2025-11-14 18:35:00+00:00,2025-11-14 20:44:00+00:00
159,GBPUSD,BUY,6.199999999998429,TB_4H_5M,TB|4H_5M|RT,2025-11-14 19:40:00+00:00,2025-11-14 20:44:00+00:00
162,AUDCAD,BUY,2.138900177529271,FB_15M_1M,FB|15M_1M|RVDIV,2025-11-14 19:44:00+00:00,2025-11-14 20:44:00+00:00
169,XAGUSD,BUY,74.50000000000045,FB_15M_1M,FB|15M_1M|RVDIV,2025-11-14 19:59:00+00:00,2025-11-14 20:44:00+00:00
170,GBPJPY,BUY,7.11776010560256,FB_4H_5M,FB|4H_5M|RVDIV,2025-11-14 20:00:00+00:00,2025-11-14 20:44:00+00:00
171,NZDCHF,BUY,-7.682135885649512,FB_15M_1M,FB|15M_1M|RVDIV,2025-11-14 20:02:00+00:00,2025-11-14 20:44:00+00:00
174,NZDJPY,BUY,-8.929553587027897,TB_4H_5M,TB|4H_5M|RT,2025-11-14 20:15:00+00:00,2025-11-14 20:44:00+00:00
175,AUDJPY,SELL,-3.9471215131068407,TB_15M_1M,TB|15M_1M|RT,2025-11-14 20:26:00+00:00,2025-11-14 20:44:00+00:00
180,AUDJPY,BUY,-9.317795047333458,FB_15M_1M,FB|15M_1M|BVRVDIV,2025-11-14 20:44:00+00:00,2025-11-14 20:44:00+00:00
181,AUDJPY,SELL,5.176552804073837,TB_15M_1M,TB|15M_1M|RT,2025-11-14 20:44:00+00:00,2025-11-14 20:44:00+00:00
182,XAUUSD,SELL,51.270000000004075,TB_15M_1M,TB|15M_1M|BVRT,2025-11-14 20:44:00+00:00,2025-11-14 20:44:00+00:00
183,USDZAR,BUY,45.192427461416116,TB_15M_1M,TB|15M_1M|BVRT,2025-11-14 20:44:00+00:00,2025-11-14 20:44:00+00:00
184,GBPCAD,BUY,-12.191731011914392,TB_15M_1M,TB|15M_1M|RT,2025-11-14 20:44:00+00:00,2025-11-14 20:44:00+00:00
185,GBPCAD,SELL,-7.486150621352052,FB_15M_1M,FB|15M_1M|RVDIV,2025-11-14 20:44:00+00:00,2025-11-14 20:44:00+00:00
186,XAGUSD,BUY,-110.49999999999828,FB_15M_1M,FB|15M_1M|RVDIV,2025-11-14 20:44:00+00:00,2025-11-14 20:44:00+00:00
187,USDCNH,BUY,-10.336412194713397,TB_15M_1M,TB|15M_1M|RT,2025-11-14 20:44:00+00:00,2025-11-14 20:44:00+00:00
188,XAGUSD,SELL,-117.50000000000328,TB_15M_1M,TB|15M_1M|RT,2025-11-14 20:44:00+00:00,2025-11-14 20:44:00+00:00
189,AUDCAD,BUY,-5.3472504438219906,FB_15M_1M,FB|15M_1M|RVDIV,2025-11-14 20:44:00+00:00,2025-11-14 20:44:00+00:00
190,USDJPY,SELL,4.011828423158074,FB_15M_1M,FB|15M_1M|RVDIV,2025-11-14 20:44:00+00:00,2025-11-14 20:44:00+00:00
191,NZDCHF,SELL,9.697122347459139,TB_15M_1M,TB|15M_1M|BVRTCV,2025-11-14 20:44:00+00:00,2025-11-14 20:44:00+00:00
192,AUDCAD,SELL,2.851866903371306,TB_15M_1M,TB|15M_1M|RT,2025-11-14 20:44:00+00:00,2025-11-14 20:44:00+00:00
193,GBPAUD,SELL,-4.705343999998902,FB_15M_1M,FB|15M_1M|RVDIV,2025-11-14 20:44:00+00:00,2025-11-14 20:44:00+00:00
194,GBPCAD,SELL,-5.703733806742612,FB_15M_1M,FB|15M_1M|RVDIV,2025-11-14 20:44:00+00:00,2025-11-14 20:44:00+00:00
195,GBPAUD,BUY,-16.07659200000084,TB_15M_1M,TB|15M_1M|RT,2025-11-14 20:44:00+00:00,2025-11-14 20:44:00+00:00
196,GBPCAD,BUY,-19.250101597759482,TB_15M_1M,TB|15M_1M|RT,2025-11-14 20:44:00+00:00,2025-11-14 20:44:00+00:00
197,GBPUSD,BUY,-11.099999999999444,TB_4H_5M,TB|4H_5M|RTCV,2025-11-14 20:44:00+00:00,2025-11-14 20:44:00+00:00
198,USDJPY,SELL,-5.62950117443155,TB_4H_5M,TB|4H_5M|RT,2025-11-14 20:44:00+00:00,2025-11-14 20:44:00+00:00
199,NZDJPY,SELL,-6.4059840950426725,FB_4H_5M,FB|4H_5M|RVDIV,2025-11-14 20:44:00+00:00,2025-11-14 20:44:00+00:00
200,GBPCAD,SELL,-30.37238252090884,TB_15M_1M,TB|15M_1M|RT,2025-11-14 20:44:00+00:00,2025-11-14 20:44:00+00:00
201,GBPUSD,SELL,-27.800000000000047,FB_4H_5M,FB|4H_5M|RVRVolDIV,2025-11-14 20:44:00+00:00,2025-11-14 20:44:00+00:00
202,GBPCAD,BUY,-26.094582165851882,FB_15M_1M,FB|15M_1M|RVDIV,2025-11-14 20:44:00+00:00,2025-11-14 20:44:00+00:00
203,GBPCAD,BUY,-32.65387604360525,TB_15M_1M,TB|15M_1M|BVRT,2025-11-14 20:44:00+00:00,2025-11-14 20:44:00+00:00
204,XAGUSD,BUY,77.50000000000057,FB_15M_1M,FB|15M_1M|RVDIV,2025-11-14 20:44:00+00:00,2025-11-14 20:44:00+00:00
205,GBPJPY,BUY,-33.388765586276385,FB_4H_5M,FB|4H_5M|RVDIV,2025-11-14 20:44:00+00:00,2025-11-14 20:44:00+00:00
206,EURNZD,SELL,10.450832000002887,TB_15M_1M,TB|15M_1M|RT,2025-11-14 20:44:00+00:00,2025-11-14 20:44:00+00:00
207,USDJPY,BUY,-6.2118633648889725,TB_15M_1M,TB|15M_1M|RT,2025-11-14 20:44:00+00:00,2025-11-14 20:44:00+00:00
208,GBPAUD,SELL,-43.65513599999868,FB_15M_1M,FB|15M_1M|RVRVolDIV,2025-11-14 20:44:00+00:00,2025-11-14 20:44:00+00:00
209,EURNZD,BUY,-12.722751999997591,FB_15M_1M,FB|15M_1M|RVDIV,2025-11-14 20:44:00+00:00,2025-11-14 20:44:00+00:00
210,GBPCAD,SELL,-45.41598043619295,TB_15M_1M,TB|15M_1M|BVRT,2025-11-14 20:44:00+00:00,2025-11-14 20:44:00+00:00
211,EURUSD,BUY,-3.900000000001125,TB_15M_1M,TB|15M_1M|RT,2025-11-14 20:44:00+00:00,2025-11-14 20:44:00+00:00
212,USDJPY,SELL,3.235345502546952,FB_15M_1M,FB|15M_1M|RVDIV,2025-11-14 20:44:00+00:00,2025-11-14 20:44:00+00:00
213,AUDCAD,BUY,-4.562987045395197,FB_15M_1M,FB|15M_1M|RVDIV,2025-11-14 20:44:00+00:00,2025-11-14 20:44:00+00:00
214,DE30,SELL,26.564462999999837,TB_4H_5M,TB|4H_5M|BVRTCV,2025-11-14 20:44:00+00:00,2025-11-14 20:44:00+00:00
215,EURUSD,SELL,-6.299999999999084,TB_4H_5M,TB|4H_5M|BVRT,2025-11-14 20:44:00+00:00,2025-11-14 20:44:00+00:00
216,USDCAD,BUY,-8.5556007101155,TB_4H_5M,TB|4H_5M|BVRT,2025-11-14 20:44:00+00:00,2025-11-14 20:44:00+00:00
217,EURUSD,SELL,-6.299999999999084,FB_15M_1M,FB|15M_1M|RVDIV,2025-11-14 20:44:00+00:00,2025-11-14 20:44:00+00:00
218,NZDUSD,SELL,-8.599999999999719,TB_4H_5M,TB|4H_5M|BVRTCV,2025-11-14 20:44:00+00:00,2025-11-14 20:44:00+00:00
219,GBPUSD,SELL,-21.299999999999653,TB_4H_5M,TB|4H_5M|BVRTCV,2025-11-14 20:44:00+00:00,2025-11-14 20:44:00+00:00
220,JP225,SELL,-0.4781840652763403,TB_4H_5M,TB|4H_5M|BVRTCV,2025-11-14 20:44:00+00:00,2025-11-14 20:44:00+00:00
221,EURCHF,SELL,-18.512688117877744,TB_4H_5M,TB|4H_5M|BVRTCV,2025-11-14 20:44:00+00:00,2025-11-14 20:44:00+00:00
222,US30,BUY,0.19000000000014558,FB_4H_5M,FB|4H_5M|RVRVolDIV,2025-11-14 20:44:00+00:00,2025-11-14 20:44:00+00:00
223,US30_x10,BUY,1.9000000000014556,FB_4H_5M,FB|4H_5M|RVRVolDIV,2025-11-14 20:44:00+00:00,2025-11-14 20:44:00+00:00
224,GBPCHF,SELL,-21.912977772181534,TB_4H_5M,TB|4H_5M|RTCV,2025-11-14 20:44:00+00:00,2025-11-14 20:44:00+00:00
225,USDCHF,SELL,-12.215855424721697,TB_4H_5M,TB|4H_5M|RTCV,2025-11-14 20:44:00+00:00,2025-11-14 20:44:00+00:00
226,AUDCHF,SELL,-8.437755808828909,TB_4H_5M,TB|4H_5M|RTCV,2025-11-14 20:44:00+00:00,2025-11-14 20:44:00+00:00
227,CADCHF,SELL,-10.830552232226836,TB_4H_5M,TB|4H_5M|BVRTCV,2025-11-14 20:44:00+00:00,2025-11-14 20:44:00+00:00
228,USDZAR,SELL,-35.46740069273944,FB_4H_5M,FB|4H_5M|RVDIV,2025-11-14 20:44:00+00:00,2025-11-14 20:44:00+00:00
229,CHFJPY,BUY,-23.100366888181785,TB_4H_5M,TB|4H_5M|RTCV,2025-11-14 20:44:00+00:00,2025-11-14 20:44:00+00:00
230,NZDUSD,BUY,4.999999999999449,TB_15M_1M,TB|15M_1M|RT,2025-11-14 20:44:00+00:00,2025-11-14 20:44:00+00:00
231,EURJPY,BUY,-10.158984877993973,TB_15M_1M,TB|15M_1M|RT,2025-11-14 20:44:00+00:00,2025-11-14 20:44:00+00:00
232,GBPJPY,SELL,-2.005914211580876,TB_4H_5M,TB|4H_5M|RT,2025-11-14 20:44:00+00:00,2025-11-14 20:44:00+00:00
233,NZDUSD,BUY,8.599999999999719,FB_4H_5M,FB|4H_5M|RVDIV,2025-11-14 20:44:00+00:00,2025-11-14 20:44:00+00:00
234,USDCNH,SELL,4.999218432047553,FB_4H_5M,FB|4H_5M|RVDIV,2025-11-14 20:44:00+00:00,2025-11-14 20:44:00+00:00
235,GBPCAD,BUY,35.07796291146959,FB_4H_5M,FB|4H_5M|RVDIV,2025-11-14 20:44:00+00:00,2025-11-14 20:44:00+00:00
236,EURUSD,BUY,-9.200000000000319,FB_4H_5M,FB|4H_5M|RVDIV,2025-11-14 20:44:00+00:00,2025-11-14 20:44:00+00:00
237,GBPUSD,BUY,33.90000000000004,FB_4H_5M,FB|4H_5M|RVDIV,2025-11-14 20:44:00+00:00,2025-11-14 20:44:00+00:00
238,GBPJPY,BUY,19.8003144755836,FB_4H_5M,FB|4H_5M|RVDIV,2025-11-14 20:44:00+00:00,2025-11-14 20:44:00+00:00
239,EURJPY,BUY,-14.753175491611309,FB_4H_5M,FB|4H_5M|RVDIV,2025-11-14 20:44:00+00:00,2025-11-14 20:44:00+00:00
240,USDCAD,SELL,-5.2759537712372335,FB_4H_5M,FB|4H_5M|RVDIV,2025-11-14 20:44:00+00:00,2025-11-14 20:44:00+00:00
241,XAUUSD,SELL,85.76000000000022,TB_15M_1M,TB|15M_1M|RT,2025-11-14 20:44:00+00:00,2025-11-14 20:44:00+00:00
242,GBPAUD,BUY,-56.464127999998425,TB_15M_1M,TB|15M_1M|RT,2025-11-14 20:44:00+00:00,2025-11-14 20:44:00+00:00
243,GBPCAD,BUY,-56.75215137709659,TB_15M_1M,TB|15M_1M|BVRTCV,2025-11-14 20:44:00+00:00,2025-11-14 20:44:00+00:00
245,GBPJPY,BUY,-38.17707693004558,TB_15M_1M,TB|15M_1M|BVRTCV,2025-11-14 20:44:00+00:00,2025-11-14 20:44:00+00:00
246,GBPUSD,SELL,40.300000000002,FB_15M_1M,FB|15M_1M|RVDIV,2025-11-14 20:44:00+00:00,2025-11-14 20:44:00+00:00
247,GBPJPY,SELL,29.11810952291522,FB_15M_1M,FB|15M_1M|RVDIV,2025-11-14 20:44:00+00:00,2025-11-14 20:44:00+00:00
249,CHFJPY,SELL,9.964864147842114,FB_4H_5M,FB|4H_5M|RVDIV,2025-11-14 20:44:00+00:00,2025-11-14 20:44:00+00:00
250,NZDCHF,BUY,-11.334298847679069,FB_4H_5M,FB|4H_5M|RVDIV,2025-11-14 20:44:00+00:00,2025-11-14 20:44:00+00:00
251,EURJPY,SELL,17.72969335395333,TB_4H_5M,TB|4H_5M|RTCV,2025-11-14 20:44:00+00:00,2025-11-14 20:44:00+00:00
252,USOIL,SELL,-12.699999999999534,TB_4H_5M,TB|4H_5M|BVRTCV,2025-11-14 20:44:00+00:00,2025-11-14 20:44:00+00:00
253,GBPUSD,BUY,-1.80000000000069,TB_4H_5M,TB|4H_5M|BVRT,2025-11-14 20:44:00+00:00,2025-11-14 20:44:00+00:00
254,GBPCHF,SELL,-26.32076065738839,FB_4H_5M,FB|4H_5M|RVDIV,2025-11-14 20:44:00+00:00,2025-11-14 20:44:00+00:00
255,EURGBP,SELL,3.6886360000007636,TB_4H_5M,TB|4H_5M|BVRT,2025-11-14 20:44:00+00:00,2025-11-14 20:44:00+00:00
256,GBPUSD,SELL,30.600000000000627,TB_15M_1M,TB|15M_1M|RT,2025-11-14 20:44:00+00:00,2025-11-14 20:44:00+00:00
257,GBPUSD,BUY,-12.499999999999734,FB_15M_1M,FB|15M_1M|BVRVDIV,2025-11-14 20:44:00+00:00,2025-11-14 20:44:00+00:00
258,GBPJPY,BUY,-15.270830772017497,FB_15M_1M,FB|15M_1M|BVRVDIV,2025-11-14 20:44:00+00:00,2025-11-14 20:44:00+00:00
259,USTEC,BUY,-9.615999999999623,FB_4H_5M,FB|4H_5M|RVDIV,2025-11-14 20:44:00+00:00,2025-11-14 20:44:00+00:00
260,EURCAD,SELL,6.202810514832748,TB_4H_5M,TB|4H_5M|RT,2025-11-14 20:44:00+00:00,2025-11-14 20:44:00+00:00
261,GBPCHF,BUY,-21.912977772181534,FB_4H_5M,FB|4H_5M|RVDIV,2025-11-14 20:44:00+00:00,2025-11-14 20:44:00+00:00
262,USDCHF,BUY,-11.96398211699663,FB_4H_5M,FB|4H_5M|RVDIV,2025-11-14 20:44:00+00:00,2025-11-14 20:44:00+00:00
263,GBPNZD,SELL,-14.029106000001107,FB_4H_5M,FB|4H_5M|RVDIV,2025-11-14 20:44:00+00:00,2025-11-14 20:44:00+00:00
264,AUDCHF,BUY,-14.482715194258489,FB_4H_5M,FB|4H_5M|RVDIV,2025-11-14 20:44:00+00:00,2025-11-14 20:44:00+00:00
265,CADCHF,BUY,-11.8380454631327,FB_4H_5M,FB|4H_5M|RVDIV,2025-11-14 20:44:00+00:00,2025-11-14 20:44:00+00:00
266,JP225,BUY,-1.054075564729567,FB_4H_5M,FB|4H_5M|RVDIV,2025-11-14 20:44:00+00:00,2025-11-14 20:44:00+00:00
267,EURUSD,SELL,9.600000000000719,FB_15M_1M,FB|15M_1M|BVRVDIV,2025-11-14 20:44:00+00:00,2025-11-14 20:44:00+00:00
268,GBPNZD,BUY,-27.263039999999524,TB_4H_5M,TB|4H_5M|BVRT,2025-11-14 20:44:00+00:00,2025-11-14 20:44:00+00:00
269,GBPCHF,BUY,-19.14237138719181,TB_4H_5M,TB|4H_5M|BVRT,2025-11-14 20:44:00+00:00,2025-11-14 20:44:00+00:00
270,USDJPY,BUY,-7.247173925703187,TB_15M_1M,TB|15M_1M|RT,2025-11-14 20:44:00+00:00,2025-11-14 20:44:00+00:00
271,USOIL,BUY,59.10000000000011,FB_4H_5M,FB|4H_5M|RVDIV,2025-11-14 20:44:00+00:00,2025-11-14 20:44:00+00:00
272,EURCHF,BUY,-6.674642654745047,FB_4H_5M,FB|4H_5M|RVDIV,2025-11-14 20:44:00+00:00,2025-11-14 20:44:00+00:00
273,CADJPY,SELL,-4.335362973412401,FB_4H_5M,FB|4H_5M|RVDIV,2025-11-14 20:44:00+00:00,2025-11-14 20:44:00+00:00
274,AUDNZD,SELL,2.6695059999998327,TB_4H_5M,TB|4H_5M|RT,2025-11-14 20:44:00+00:00,2025-11-14 20:44:00+00:00
275,GBPCAD,SELL,12.334324357082322,FB_4H_5M,FB|4H_5M|RVDIV,2025-11-14 20:44:00+00:00,2025-11-14 20:44:00+00:00
276,EURUSD,BUY,-5.5000000000005045,TB_15M_1M,TB|15M_1M|RT,2025-11-14 20:44:00+00:00,2025-11-14 20:44:00+00:00
277,GBPJPY,SELL,-10.806053978504467,TB_15M_1M,TB|15M_1M|RT,2025-11-14 20:44:00+00:00,2025-11-14 20:44:00+00:00
278,CADJPY,BUY,-8.153070666416776,TB_4H_5M,TB|4H_5M|RT,2025-11-14 20:44:00+00:00,2025-11-14 20:44:00+00:00
279,NZDCHF,SELL,-4.911529500661185,TB_15M_1M,TB|15M_1M|BVRT,2025-11-14 20:44:00+00:00,2025-11-14 20:44:00+00:00
280,USOIL,BUY,31.400000000000716,TB_4H_5M,TB|4H_5M|RT,2025-11-14 20:44:00+00:00,2025-11-14 20:44:00+00:00
281,AUDUSD,BUY,-3.3999999999989594,FB_4H_5M,FB|4H_5M|BVRVDIV,2025-11-14 20:44:00+00:00,2025-11-14 20:44:00+00:00
282,EURUSD,SELL,1.7999999999984695,TB_15M_1M,TB|15M_1M|BVRTCV,2025-11-14 20:44:00+00:00,2025-11-14 20:44:00+00:00
283,XAGUSD,SELL,163.00000000000026,TB_15M_1M,TB|15M_1M|RT,2025-11-14 20:44:00+00:00,2025-11-14 20:44:00+00:00
284,EURUSD,BUY,-5.300000000001415,FB_15M_1M,FB|15M_1M|RVDIV,2025-11-14 20:44:00+00:00,2025-11-14 20:44:00+00:00
285,XAGUSD,BUY,-97.99999999999898,FB_15M_1M,FB|15M_1M|RVDIV,2025-11-14 20:44:00+00:00,2025-11-14 20:44:00+00:00
286,AUDCAD,BUY,-8.270414019778054,FB_4H_5M,FB|4H_5M|RVDIV,2025-11-14 20:44:00+00:00,2025-11-14 20:44:00+00:00
287,USDCHF,SELL,2.1409231156728605,FB_4H_5M,FB|4H_5M|RVDIV,2025-11-14 20:44:00+00:00,2025-11-14 20:44:00+00:00
288,AUDUSD,SELL,12.500000000000844,TB_4H_5M,TB|4H_5M|RT,2025-11-14 20:44:00+00:00,2025-11-14 20:44:00+00:00
289,GBPJPY,SELL,11.711950719216217,TB_15M_1M,TB|15M_1M|RT,2025-11-14 20:44:00+00:00,2025-11-14 20:44:00+00:00
290,GBPAUD,SELL,-14.834904000001414,FB_4H_5M,FB|4H_5M|RVDIV,2025-11-14 20:44:00+00:00,2025-11-14 20:44:00+00:00
291,EURCHF,SELL,6.296832693156048,TB_4H_5M,TB|4H_5M|RT,2025-11-14 20:44:00+00:00,2025-11-14 20:44:00+00:00
292,USDCHF,BUY,-4.785592846798653,TB_4H_5M,TB|4H_5M|RT,2025-11-14 20:44:00+00:00,2025-11-14 20:44:00+00:00
293,USDCAD,BUY,-2.7092735582033742,TB_4H_5M,TB|4H_5M|RT,2025-11-14 20:44:00+00:00,2025-11-14 20:44:00+00:00
294,EURNZD,SELL,-8.0085179999995,TB_4H_5M,TB|4H_5M|RT,2025-11-14 20:44:00+00:00,2025-11-14 20:44:00+00:00
295,EURNZD,BUY,-18.345753999996596,FB_4H_5M,FB|4H_5M|RVDIV,2025-11-14 20:44:00+00:00,2025-11-14 20:44:00+00:00
296,NZDUSD,BUY,4.899999999999904,TB_15M_1M,TB|15M_1M|BVRT,2025-11-14 20:44:00+00:00,2025-11-14 20:44:00+00:00
297,NZDUSD,SELL,-2.3000000000006344,TB_4H_5M,TB|4H_5M|RTCV,2025-11-14 20:44:00+00:00,2025-11-14 20:44:00+00:00
298,US30,SELL,4.06999999999971,TB_4H_5M,TB|4H_5M|RTCV,2025-11-14 20:44:00+00:00,2025-11-14 20:44:00+00:00
299,USTEC,SELL,3.6470000000001166,TB_4H_5M,TB|4H_5M|RTCV,2025-11-14 20:44:00+00:00,2025-11-14 20:44:00+00:00
300,US30_x10,SELL,40.699999999997104,TB_4H_5M,TB|4H_5M|RTCV,2025-11-14 20:44:00+00:00,2025-11-14 20:44:00+00:00
301,AUDCHF,SELL,16.49770165606602,TB_4H_5M,TB|4H_5M|RTCV,2025-11-14 20:44:00+00:00,2025-11-14 20:44:00+00:00
302,JP225,SELL,0.6910697993438437,TB_4H_5M,TB|4H_5M|RTCV,2025-11-14 20:44:00+00:00,2025-11-14 20:44:00+00:00
303,GBPCAD,SELL,-15.613971295959008,TB_15M_1M,TB|15M_1M|RT,2025-11-14 20:44:00+00:00,2025-11-14 20:44:00+00:00
304,AUDJPY,SELL,11.97077835942023,TB_4H_5M,TB|4H_5M|RTCV,2025-11-14 20:44:00+00:00,2025-11-14 20:44:00+00:00
305,US500,SELL,1.011999999999898,TB_4H_5M,TB|4H_5M|RTCV,2025-11-14 20:44:00+00:00,2025-11-14 20:44:00+00:00
306,US500_x100,SELL,101.19999999998981,TB_4H_5M,TB|4H_5M|RTCV,2025-11-14 20:44:00+00:00,2025-11-14 20:44:00+00:00
307,GBPCAD,BUY,20.961221739781,FB_15M_1M,FB|15M_1M|RVDIV,2025-11-14 20:44:00+00:00,2025-11-14 20:44:00+00:00
308,EURJPY,BUY,-11.064881618707561,FB_15M_1M,FB|15M_1M|RVDIV,2025-11-14 20:44:00+00:00,2025-11-14 20:44:00+00:00
309,XAGUSD,SELL,6.499999999999062,TB_4H_5M,TB|4H_5M|RT,2025-11-14 20:44:00+00:00,2025-11-14 20:44:00+00:00
310,XAUUSD,SELL,-66.55999999999949,TB_4H_5M,TB|4H_5M|BVRTCV,2025-11-14 20:44:00+00:00,2025-11-14 20:44:00+00:00
311,USDJPY,SELL,35.58880052800728,FB_4H_5M,FB|4H_5M|BVRVRVolDIV,2025-11-14 20:44:00+00:00,2025-11-14 20:44:00+00:00
312,USDCAD,SELL,-2.851866903371306,FB_4H_5M,FB|4H_5M|RVDIV,2025-11-14 20:44:00+00:00,2025-11-14 20:44:00+00:00
313,EURGBP,SELL,-7.904220000000592,TB_4H_5M,TB|4H_5M|RT,2025-11-14 20:44:00+00:00,2025-11-14 20:44:00+00:00
314,EURAUD,BUY,-10.78307999999954,TB_4H_5M,TB|4H_5M|RT,2025-11-14 20:44:00+00:00,2025-11-14 20:44:00+00:00
315,EURGBP,BUY,-3.2934249999996377,FB_4H_5M,FB|4H_5M|RVDIV,2025-11-14 20:44:00+00:00,2025-11-14 20:44:00+00:00
316,EURJPY,SELL,-3.4294662326988132,FB_15M_1M,FB|15M_1M|RVDIV,2025-11-14 20:44:00+00:00,2025-11-14 20:44:00+00:00
317,EURJPY,BUY,-9.058967407128526,TB_15M_1M,TB|15M_1M|RT,2025-11-14 20:44:00+00:00,2025-11-14 20:44:00+00:00
318,GBPCAD,SELL,-11.478764286069982,FB_15M_1M,FB|15M_1M|RVDIV,2025-11-14 20:44:00+00:00,2025-11-14 20:44:00+00:00
319,EURUSD,SELL,-5.5000000000005045,TB_15M_1M,TB|15M_1M|RT,2025-11-14 20:44:00+00:00,2025-11-14 20:44:00+00:00
320,EURUSD,BUY,26.000000000001577,FB_15M_1M,FB|15M_1M|RVDIV,2025-11-14 20:44:00+00:00,2025-11-14 20:44:00+00:00
321,BTCUSD,BUY,-52.15200000000041,FB_4H_5M,FB|4H_5M|RVDIV,2025-11-14 20:44:00+00:00,2025-11-14 20:44:00+00:00
322,CADCHF,SELL,7.556199231786977,TB_4H_5M,TB|4H_5M|RT,2025-11-14 20:44:00+00:00,2025-11-14 20:44:00+00:00
323,BTCCNH,BUY,-287.62404750805916,FB_4H_5M,FB|4H_5M|RVDIV,2025-11-14 20:44:00+00:00,2025-11-14 20:44:00+00:00
324,BTCUSD,SELL,46.90199999999896,TB_4H_5M,TB|4H_5M|RTCV,2025-11-14 20:44:00+00:00,2025-11-14 20:44:00+00:00
325,BTCCNH,SELL,226.50684188810087,TB_4H_5M,TB|4H_5M|RT,2025-11-14 20:44:00+00:00,2025-11-14 20:44:00+00:00
326,BTCJPY,SELL,67.71707550649334,TB_4H_5M,TB|4H_5M|RTCV,2025-11-14 20:44:00+00:00,2025-11-14 20:44:00+00:00
327,USDCHF,SELL,8.185882501101045,TB_4H_5M,TB|4H_5M|RT,2025-11-14 20:44:00+00:00,2025-11-14 20:44:00+00:00
328,USDJPY,SELL,11.77665762926745,TB_15M_1M,TB|15M_1M|BVRT,2025-11-14 20:44:00+00:00,2025-11-14 20:44:00+00:00
329,CADJPY,SELL,7.117760105600721,TB_4H_5M,TB|4H_5M|RTCV,2025-11-14 20:44:00+00:00,2025-11-14 20:44:00+00:00
330,EURUSD,BUY,15.500000000001624,TB_15M_1M,TB|15M_1M|RT,2025-11-14 20:44:00+00:00,2025-11-14 20:44:00+00:00
331,NZDCHF,SELL,-7.808072539512743,TB_4H_5M,TB|4H_5M|RTCV,2025-11-14 20:44:00+00:00,2025-11-14 20:44:00+00:00
332,BTCAUD,BUY,-197.26501199999433,FB_4H_5M,FB|4H_5M|RVDIV,2025-11-14 20:44:00+00:00,2025-11-14 20:44:00+00:00
333,EURCAD,BUY,4.919470408316611,FB_4H_5M,FB|4H_5M|RVDIV,2025-11-14 20:44:00+00:00,2025-11-14 20:44:00+00:00
334,NZDJPY,SELL,3.5588800528003603,TB_4H_5M,TB|4H_5M|BVRTCV,2025-11-14 20:44:00+00:00,2025-11-14 20:44:00+00:00
335,BTCAUD,SELL,-474.6842520000039,TB_4H_5M,TB|4H_5M|RTCV,2025-11-14 20:44:00+00:00,2025-11-14 20:44:00+00:00
336,GBPCHF,SELL,-8.05994584723851,TB_4H_5M,TB|4H_5M|RT,2025-11-14 20:44:00+00:00,2025-11-14 20:44:00+00:00
337,ETHUSD,SELL,-2.880999999999995,TB_4H_5M,TB|4H_5M|BVRTCV,2025-11-14 20:44:00+00:00,2025-11-14 20:44:00+00:00
338,GBPJPY,SELL,-6.470691005093904,TB_4H_5M,TB|4H_5M|RTCV,2025-11-14 20:44:00+00:00,2025-11-14 20:44:00+00:00
339,BTCZAR,SELL,-444.6729016778156,TB_4H_5M,TB|4H_5M|RTCV,2025-11-14 20:44:00+00:00,2025-11-14 20:44:00+00:00
340,USDZAR,SELL,-41.33867361862751,FB_4H_5M,FB|4H_5M|RVDIV,2025-11-14 20:44:00+00:00,2025-11-14 20:44:00+00:00
341,USDCNH,SELL,-7.379128051812431,TB_15M_1M,TB|15M_1M|BVRTCV,2025-11-14 20:44:00+00:00,2025-11-14 20:44:00+00:00
342,GBPCHF,BUY,-25.313267426485325,FB_4H_5M,FB|4H_5M|RVDIV,2025-11-14 20:44:00+00:00,2025-11-14 20:44:00+00:00
343,GBPUSD,BUY,-10.499999999999954,TB_4H_5M,TB|4H_5M|BVRT,2025-11-14 20:44:00+00:00,2025-11-14 20:44:00+00:00
344,GBPJPY,BUY,-19.41207301527804,FB_4H_5M,FB|4H_5M|RVDIV,2025-11-14 20:44:00+00:00,2025-11-14 20:44:00+00:00
345,ETHUSD,BUY,-4.17800000000002,FB_4H_5M,FB|4H_5M|RVRVolDIV,2025-11-14 20:44:00+00:00,2025-11-14 20:44:00+00:00
346,GBPUSD,SELL,-0.8999999999992347,FB_15M_1M,FB|15M_1M|RVDIV,2025-11-14 20:44:00+00:00,2025-11-14 20:44:00+00:00
347,GBPUSD,BUY,-1.5999999999993797,FB_15M_1M,FB|15M_1M|RVDIV,2025-11-14 20:44:00+00:00,2025-11-14 20:44:00+00:00
348,EURUSD,SELL,5.00000000000167,FB_4H_5M,FB|4H_5M|RVDIV,2025-11-14 20:44:00+00:00,2025-11-14 20:44:00+00:00
349,USDCAD,SELL,-3.6361303017988895,TB_4H_5M,TB|4H_5M|RTCV,2025-11-14 20:44:00+00:00,2025-11-14 20:44:00+00:00
350,GBPCAD,SELL,16.826014729893554,FB_4H_5M,FB|4H_5M|RVDIV,2025-11-14 20:44:00+00:00,2025-11-14 20:44:00+00:00
351,GBPUSD,SELL,-0.5999999999994897,TB_15M_1M,TB|15M_1M|RT,2025-11-14 20:44:00+00:00,2025-11-14 20:44:00+00:00
352,USDCAD,BUY,-4.705580390563921,FB_4H_5M,FB|4H_5M|RVDIV,2025-11-14 20:44:00+00:00,2025-11-14 20:44:00+00:00
353,EURUSD,BUY,-3.700000000002035,TB_4H_5M,TB|4H_5M|RT,2025-11-14 20:44:00+00:00,2025-11-14 20:44:00+00:00
354,NZDJPY,BUY,-10.353105608147674,FB_15M_1M,FB|15M_1M|RVDIV,2025-11-14 20:44:00+00:00,2025-11-14 20:44:00+00:00
355,AUDCAD,SELL,-5.9889204970808505,TB_4H_5M,TB|4H_5M|RT,2025-11-14 20:44:00+00:00,2025-11-14 20:44:00+00:00
356,GBPUSD,BUY,-6.500000000000394,FB_15M_1M,FB|15M_1M|RVDIV,2025-11-14 20:44:00+00:00,2025-11-14 20:44:00+00:00
357,AUDUSD,SELL,-3.9999999999995595,TB_4H_5M,TB|4H_5M|RT,2025-11-14 20:44:00+00:00,2025-11-14 20:44:00+00:00
358,CHFJPY,BUY,-30.412247723934367,FB_4H_5M,FB|4H_5M|RVDIV,2025-11-14 20:44:00+00:00,2025-11-14 20:44:00+00:00
359,EURGBP,SELL,-7.509008999999466,TB_4H_5M,TB|4H_5M|RT,2025-11-14 20:44:00+00:00,2025-11-14 20:44:00+00:00
360,AUDUSD,BUY,0.9000000000014552,FB_4H_5M,FB|4H_5M|RVDIV,2025-11-14 20:44:00+00:00,2025-11-14 20:44:00+00:00
361,EURCAD,SELL,5.489843788989922,TB_4H_5M,TB|4H_5M|RT,2025-11-14 20:44:00+00:00,2025-11-14 20:44:00+00:00
362,GBPUSD,SELL,-17.800000000001145,FB_4H_5M,FB|4H_5M|RVDIV,2025-11-14 20:44:00+00:00,2025-11-14 20:44:00+00:00
363,BTCZAR,BUY,257.62841508963925,FB_4H_5M,FB|4H_5M|RVDIV,2025-11-14 20:44:00+00:00,2025-11-14 20:44:00+00:00
365,USOIL,BUY,-28.899999999999437,TB_4H_5M,TB|4H_5M|BVRT,2025-11-14 20:44:00+00:00,2025-11-14 20:44:00+00:00
366,USDCNH,SELL,-3.267094862634292,FB_15M_1M,FB|15M_1M|RVDIV,2025-11-14 20:44:00+00:00,2025-11-14 20:44:00+00:00
367,EURUSD,BUY,-7.500000000000284,FB_4H_5M,FB|4H_5M|RVDIV,2025-11-14 20:44:00+00:00,2025-11-14 20:44:00+00:00
368,GBPUSD,BUY,-20.800000000000818,FB_15M_1M,FB|15M_1M|RVDIV,2025-11-14 20:44:00+00:00,2025-11-14 20:44:00+00:00
369,NZDJPY,BUY,-12.617847459930724,TB_15M_1M,TB|15M_1M|RT,2025-11-14 20:44:00+00:00,2025-11-14 20:44:00+00:00
370,GBPUSD,SELL,29.200000000000337,TB_15M_1M,TB|15M_1M|RT,2025-11-14 20:44:00+00:00,2025-11-14 20:44:00+00:00
371,NZDJPY,SELL,-10.482519428250141,FB_15M_1M,FB|15M_1M|RVDIV,2025-11-14 20:44:00+00:00,2025-11-14 20:44:00+00:00
372,USOIL,SELL,-16.499999999999915,FB_4H_5M,FB|4H_5M|RVRVolDIV,2025-11-14 20:44:00+00:00,2025-11-14 20:44:00+00:00
373,AUDCAD,BUY,12.762104392588492,FB_4H_5M,FB|4H_5M|RVRVolDIV,2025-11-14 20:44:00+00:00,2025-11-14 20:44:00+00:00
374,NZDCHF,BUY,18.890498079466045,FB_4H_5M,FB|4H_5M|RVDIV,2025-11-14 20:44:00+00:00,2025-11-14 20:44:00+00:00
375,DE30,BUY,4.7527844999997475,TB_15M_1M,TB|15M_1M|RT,2025-11-14 20:44:00+00:00,2025-11-14 20:44:00+00:00
376,US500,BUY,3.296000000000004,TB_15M_1M,TB|15M_1M|RT,2025-11-14 20:44:00+00:00,2025-11-14 20:44:00+00:00
377,BTCUSD,SELL,6.258999999999651,FB_15M_1M,FB|15M_1M|RVDIV,2025-11-14 20:44:00+00:00,2025-11-14 20:44:00+00:00
378,USTEC,BUY,18.70400000000009,TB_15M_1M,TB|15M_1M|RT,2025-11-14 20:44:00+00:00,2025-11-14 20:44:00+00:00
379,GBPNZD,SELL,19.25452200000003,TB_15M_1M,TB|15M_1M|RT,2025-11-14 20:44:00+00:00,2025-11-14 20:44:00+00:00
380,EURCHF,BUY,12.971475347899696,TB_15M_1M,TB|15M_1M|RT,2025-11-14 20:44:00+00:00,2025-11-14 20:44:00+00:00
381,CADCHF,BUY,13.349285309490094,TB_15M_1M,TB|15M_1M|RTCV,2025-11-14 20:44:00+00:00,2025-11-14 20:44:00+00:00
382,USDCHF,BUY,11.963982116993833,TB_15M_1M,TB|15M_1M|RTCV,2025-11-14 20:44:00+00:00,2025-11-14 20:44:00+00:00
383,GBPAUD,SELL,39.537959999997824,TB_15M_1M,TB|15M_1M|RT,2025-11-14 20:44:00+00:00,2025-11-14 20:44:00+00:00
384,JP225,BUY,1.2359019819726078,TB_15M_1M,TB|15M_1M|RT,2025-11-14 20:44:00+00:00,2025-11-14 20:44:00+00:00
385,NZDCHF,BUY,14.230841886531323,TB_15M_1M,TB|15M_1M|RT,2025-11-14 20:44:00+00:00,2025-11-14 20:44:00+00:00
386,BTCAUD,SELL,89.82632400000762,FB_15M_1M,FB|15M_1M|BVRVDIV,2025-11-14 20:44:00+00:00,2025-11-14 20:44:00+00:00
387,AUDJPY,BUY,20.059142115786695,TB_15M_1M,TB|15M_1M|RT,2025-11-14 20:44:00+00:00,2025-11-14 20:44:00+00:00
388,AUDCHF,BUY,23.927964233990465,TB_15M_1M,TB|15M_1M|RT,2025-11-14 20:44:00+00:00,2025-11-14 20:44:00+00:00
389,BTCCNH,SELL,94.10500611876174,FB_15M_1M,FB|15M_1M|RVDIV,2025-11-14 20:44:00+00:00,2025-11-14 20:44:00+00:00
390,BTCJPY,SELL,5.500087354328569,FB_15M_1M,FB|15M_1M|RVDIV,2025-11-14 20:44:00+00:00,2025-11-14 20:44:00+00:00
391,XAGUSD,BUY,251.99999999999892,TB_15M_1M,TB|15M_1M|RT,2025-11-14 20:44:00+00:00,2025-11-14 20:44:00+00:00
392,AUDUSD,BUY,12.700000000001044,TB_15M_1M,TB|15M_1M|RT,2025-11-14 20:44:00+00:00,2025-11-14 20:44:00+00:00
393,AUDNZD,BUY,11.700387999999723,TB_15M_1M,TB|15M_1M|RT,2025-11-14 20:44:00+00:00,2025-11-14 20:44:00+00:00
394,GBPCHF,BUY,18.260814810149878,TB_15M_1M,TB|15M_1M|RT,2025-11-14 20:44:00+00:00,2025-11-14 20:44:00+00:00
395,CADJPY,BUY,14.688468581559157,TB_15M_1M,TB|15M_1M|RT,2025-11-14 20:44:00+00:00,2025-11-14 20:44:00+00:00
396,EURNZD,SELL,-12.21156999999929,TB_15M_1M,TB|15M_1M|RT,2025-11-14 20:44:00+00:00,2025-11-14 20:44:00+00:00
397,USDJPY,BUY,26.141591660573198,TB_15M_1M,TB|15M_1M|RT,2025-11-14 20:44:00+00:00,2025-11-14 20:44:00+00:00
398,EURAUD,SELL,30.715439999999525,TB_15M_1M,TB|15M_1M|RT,2025-11-14 20:44:00+00:00,2025-11-14 20:44:00+00:00
399,GBPCAD,SELL,18.60843154449983,TB_15M_1M,TB|15M_1M|RT,2025-11-14 20:44:00+00:00,2025-11-14 20:44:00+00:00
401,EURUSD,SELL,12.899999999997911,TB_4H_5M,TB|4H_5M|RTCV,2025-11-14 20:44:00+00:00,2025-11-14 20:44:00+00:00
402,BTCUSD,BUY,-43.15899999999965,TB_15M_1M,TB|15M_1M|RT,2025-11-14 20:44:00+00:00,2025-11-14 20:44:00+00:00
403,USOIL,SELL,-11.400000000000432,FB_15M_1M,FB|15M_1M|RVDIV,2025-11-14 20:44:00+00:00,2025-11-14 20:44:00+00:00
404,BTCJPY,BUY,39.70157173084513,TB_15M_1M,TB|15M_1M|RT,2025-11-14 20:44:00+00:00,2025-11-14 20:44:00+00:00
405,GBPJPY,BUY,-15.853192962476758,TB_15M_1M,TB|15M_1M|RT,2025-11-14 20:44:00+00:00,2025-11-14 20:44:00+00:00
406,GBPAUD,SELL,49.01399999999896,FB_4H_5M,FB|4H_5M|RVDIV,2025-11-14 20:44:00+00:00,2025-11-14 20:44:00+00:00
407,USDZAR,BUY,-47.408774512126115,FB_15M_1M,FB|15M_1M|RVDIV,2025-11-14 20:44:00+00:00,2025-11-14 20:44:00+00:00
408,BTCCNH,BUY,164.92492018853721,TB_15M_1M,TB|15M_1M|RT,2025-11-14 20:44:00+00:00,2025-11-14 20:44:00+00:00
409,CHFJPY,SELL,9.058967407128526,TB_15M_1M,TB|15M_1M|RT,2025-11-14 20:44:00+00:00,2025-11-14 20:44:00+00:00
410,ETHUSD,SELL,-1.573000000000002,FB_15M_1M,FB|15M_1M|BVRVDIV,2025-11-14 20:44:00+00:00,2025-11-14 20:44:00+00:00
411,AUDCAD,SELL,-2.7092735582033742,FB_15M_1M,FB|15M_1M|RVDIV,2025-11-14 20:44:00+00:00,2025-11-14 20:44:00+00:00
412,BTCZAR,SELL,-343.62151108085806,FB_15M_1M,FB|15M_1M|BVRVDIV,2025-11-14 20:44:00+00:00,2025-11-14 20:44:00+00:00
413,GBPCAD,BUY,-15.043597915284113,FB_15M_1M,FB|15M_1M|BVRVDIV,2025-11-14 20:44:00+00:00,2025-11-14 20:44:00+00:00
414,USOIL,BUY,20.700000000000074,TB_15M_1M,TB|15M_1M|RT,2025-11-14 20:44:00+00:00,2025-11-14 20:44:00+00:00
415,AUDUSD,SELL,-5.699999999999594,FB_15M_1M,FB|15M_1M|RVDIV,2025-11-14 20:44:00+00:00,2025-11-14 20:44:00+00:00
417,BTCAUD,BUY,-273.66150000000005,TB_15M_1M,TB|15M_1M|RT,2025-11-14 20:44:00+00:00,2025-11-14 20:44:00+00:00
418,AUDCAD,BUY,10.05283083438512,TB_15M_1M,TB|15M_1M|RT,2025-11-14 20:44:00+00:00,2025-11-14 20:44:00+00:00
419,XAUUSD,BUY,97.48000000000047,TB_15M_1M,TB|15M_1M|RT,2025-11-14 20:44:00+00:00,2025-11-14 20:44:00+00:00
421,GBPJPY,SELL,1.4882589311710097,FB_15M_1M,FB|15M_1M|RVDIV,2025-11-14 20:44:00+00:00,2025-11-14 20:44:00+00:00
422,EURJPY,SELL,-2.005914211579037,FB_15M_1M,FB|15M_1M|RVDIV,2025-11-14 20:44:00+00:00,2025-11-14 20:44:00+00:00
423,USDCAD,SELL,-4.705580390563921,FB_15M_1M,FB|15M_1M|RVDIV,2025-11-14 20:44:00+00:00,2025-11-14 20:44:00+00:00
424,EURJPY,BUY,-6.794225555346394,TB_15M_1M,TB|15M_1M|RT,2025-11-14 20:44:00+00:00,2025-11-14 20:44:00+00:00
426,NZDJPY,SELL,-8.994260497078212,FB_15M_1M,FB|15M_1M|RVDIV,2025-11-14 20:44:00+00:00,2025-11-14 20:44:00+00:00
427,XAUUSD,SELL,-167.81000000000404,FB_15M_1M,FB|15M_1M|RVDIV,2025-11-14 20:44:00+00:00,2025-11-14 20:44:00+00:00
428,EURNZD,BUY,-13.972308000000735,FB_15M_1M,FB|15M_1M|RVDIV,2025-11-14 20:44:00+00:00,2025-11-14 20:44:00+00:00
429,NZDUSD,SELL,-7.000000000000338,TB_15M_1M,TB|15M_1M|RT,2025-11-14 20:44:00+00:00,2025-11-14 20:44:00+00:00
430,NZDUSD,BUY,0.6000000000006,FB_15M_1M,FB|15M_1M|RVDIV,2025-11-14 20:44:00+00:00,2025-11-14 20:44:00+00:00
431,EURAUD,BUY,-12.22082400000025,FB_4H_5M,FB|4H_5M|RVDIV,2025-11-14 20:44:00+00:00,2025-11-14 20:44:00+00:00
432,EURCAD,BUY,-16.968608075061486,FB_15M_1M,FB|15M_1M|RVDIV,2025-11-14 20:44:00+00:00,2025-11-14 20:44:00+00:00
433,NZDCAD,BUY,-9.696347471462914,TB_15M_1M,TB|15M_1M|RT,2025-11-14 20:44:00+00:00,2025-11-14 20:44:00+00:00
434,USTEC,SELL,-8.240000000000146,TB_4H_5M,TB|4H_5M|BVRTCV,2025-11-14 20:44:00+00:00,2025-11-14 20:44:00+00:00
435,CADJPY,SELL,-4.658897523666729,TB_4H_5M,TB|4H_5M|RT,2025-11-14 20:44:00+00:00,2025-11-14 20:44:00+00:00
436,USDCHF,SELL,-11.208362193817232,FB_4H_5M,FB|4H_5M|RVDIV,2025-11-14 20:44:00+00:00,2025-11-14 20:44:00+00:00
437,AUDJPY,BUY,16.50026206298541,FB_4H_5M,FB|4H_5M|RVDIV,2025-11-14 20:44:00+00:00,2025-11-14 20:44:00+00:00
438,EURCAD,SELL,11.407467613485224,TB_15M_1M,TB|15M_1M|RT,2025-11-14 20:44:00+00:00,2025-11-14 20:44:00+00:00
439,EURJPY,BUY,11.517829989064357,TB_15M_1M,TB|15M_1M|RT,2025-11-14 20:44:00+00:00,2025-11-14 20:44:00+00:00
440,USDJPY,SELL,-6.794225555346394,TB_4H_5M,TB|4H_5M|RT,2025-11-14 20:44:00+00:00,2025-11-14 20:44:00+00:00
441,NZDCAD,SELL,-7.557447293934435,FB_15M_1M,FB|15M_1M|RVDIV,2025-11-14 20:44:00+00:00,2025-11-14 20:44:00+00:00
442,AUDNZD,BUY,8.34930600000047,FB_4H_5M,FB|4H_5M|RVDIV,2025-11-14 20:44:00+00:00,2025-11-14 20:44:00+00:00
443,EURJPY,SELL,-2.005914211577198,FB_15M_1M,FB|15M_1M|RVDIV,2025-11-14 20:44:00+00:00,2025-11-14 20:44:00+00:00
444,GBPJPY,BUY,-20.51209048614349,FB_15M_1M,FB|15M_1M|RVDIV,2025-11-14 20:44:00+00:00,2025-11-14 20:44:00+00:00
445,BTCUSD,BUY,-82.49800000000106,TB_15M_1M,TB|15M_1M|RT,2025-11-14 20:44:00+00:00,2025-11-14 20:44:00+00:00
446,EURCHF,BUY,17.00144827152035,FB_4H_5M,FB|4H_5M|RVDIV,2025-11-14 20:44:00+00:00,2025-11-14 20:44:00+00:00
447,USTEC,BUY,8.4,FB_4H_5M,FB|4H_5M|RVDIV,2025-11-14 20:44:00+00:00,2025-11-14 20:44:00+00:00
448,CADJPY,BUY,8.088363756365544,FB_4H_5M,FB|4H_5M|RVDIV,2025-11-14 20:44:00+00:00,2025-11-14 20:44:00+00:00
449,BTCJPY,BUY,-97.09724801511553,FB_4H_5M,FB|4H_5M|RVDIV,2025-11-14 20:44:00+00:00,2025-11-14 20:44:00+00:00
450,ETHUSD,SELL,-2.812000000000035,FB_15M_1M,FB|15M_1M|RVDIV,2025-11-14 20:44:00+00:00,2025-11-14 20:44:00+00:00
451,BTCAUD,BUY,-367.40894399999814,TB_15M_1M,TB|15M_1M|RTCV,2025-11-14 20:44:00+00:00,2025-11-14 20:44:00+00:00
452,BTCAUD,SELL,-201.7743,FB_15M_1M,FB|15M_1M|RVDIV,2025-11-14 20:44:00+00:00,2025-11-14 20:44:00+00:00
453,GBPJPY,SELL,-24.84745345955589,TB_15M_1M,TB|15M_1M|RT,2025-11-14 20:44:00+00:00,2025-11-14 20:44:00+00:00
454,USDCHF,BUY,13.60115861721516,TB_4H_5M,TB|4H_5M|RT,2025-11-14 20:44:00+00:00,2025-11-14 20:44:00+00:00
455,USDJPY,BUY,14.55905476145761,FB_4H_5M,FB|4H_5M|RVDIV,2025-11-14 20:44:00+00:00,2025-11-14 20:44:00+00:00
456,GBPCHF,SELL,-21.53516781058974,FB_4H_5M,FB|4H_5M|RVDIV,2025-11-14 20:44:00+00:00,2025-11-14 20:44:00+00:00
457,BTCZAR,BUY,-447.07053305193324,TB_15M_1M,TB|15M_1M|RT,2025-11-14 20:44:00+00:00,2025-11-14 20:44:00+00:00
458,US30,BUY,8.969999999999711,TB_15M_1M,TB|15M_1M|RT,2025-11-14 20:44:00+00:00,2025-11-14 20:44:00+00:00
459,US30_x10,BUY,78.19999999999712,TB_15M_1M,TB|15M_1M|RT,2025-11-14 20:44:00+00:00,2025-11-14 20:44:00+00:00
460,NZDUSD,SELL,0.6000000000006,FB_15M_1M,FB|15M_1M|RVDIV,2025-11-14 20:44:00+00:00,2025-11-14 20:44:00+00:00
461,USDCNH,SELL,-5.787827536821478,FB_15M_1M,FB|15M_1M|RVDIV,2025-11-14 20:44:00+00:00,2025-11-14 20:44:00+00:00
462,GBPCAD,BUY,16.68342138472404,FB_4H_5M,FB|4H_5M|RVDIV,2025-11-14 20:44:00+00:00,2025-11-14 20:44:00+00:00
463,GBPJPY,BUY,34.4240761470906,FB_15M_1M,FB|15M_1M|RVDIV,2025-11-14 20:44:00+00:00,2025-11-14 20:44:00+00:00
464,GBPNZD,BUY,19.8793000000016,FB_4H_5M,FB|4H_5M|RVDIV,2025-11-14 20:44:00+00:00,2025-11-14 20:44:00+00:00
465,USDCAD,SELL,-6.915777240677158,FB_15M_1M,FB|15M_1M|RVDIV,2025-11-14 20:44:00+00:00,2025-11-14 20:44:00+00:00
466,AUDNZD,BUY,-2.4423139999996057,TB_4H_5M,TB|4H_5M|RT,2025-11-14 20:44:00+00:00,2025-11-14 20:44:00+00:00
467,US30,SELL,-6.9600000000005835,FB_15M_1M,FB|15M_1M|BVRVDIV,2025-11-14 20:44:00+00:00,2025-11-14 20:44:00+00:00
468,US30_x10,SELL,-69.60000000000583,FB_15M_1M,FB|15M_1M|BVRVDIV,2025-11-14 20:44:00+00:00,2025-11-14 20:44:00+00:00
469,USTEC,SELL,-3.988000000000102,FB_4H_5M,FB|4H_5M|BVRVDIV,2025-11-14 20:44:00+00:00,2025-11-14 20:44:00+00:00
470,BTCJPY,BUY,20.116731265731868,TB_15M_1M,TB|15M_1M|RT,2025-11-14 20:44:00+00:00,2025-11-14 20:44:00+00:00
471,NZDUSD,BUY,-7.800000000000029,TB_15M_1M,TB|15M_1M|RT,2025-11-14 20:44:00+00:00,2025-11-14 20:44:00+00:00
472,BTCCNH,BUY,189.59711932360366,TB_15M_1M,TB|15M_1M|RT,2025-11-14 20:44:00+00:00,2025-11-14 20:44:00+00:00
474,BTCUSD,SELL,-46.98700000000099,FB_15M_1M,FB|15M_1M|RVDIV,2025-11-14 20:44:00+00:00,2025-11-14 20:44:00+00:00
475,BTCJPY,SELL,-25.51911118588354,FB_15M_1M,FB|15M_1M|RVDIV,2025-11-14 20:44:00+00:00,2025-11-14 20:44:00+00:00
476,BTCCNH,SELL,-263.59259327062796,FB_15M_1M,FB|15M_1M|RVDIV,2025-11-14 20:44:00+00:00,2025-11-14 20:44:00+00:00
477,USDCAD,SELL,-3.4222402840446167,TB_4H_5M,TB|4H_5M|RT,2025-11-14 20:44:00+00:00,2025-11-14 20:44:00+00:00
478,EURGBP,SELL,-2.6347399999997103,TB_15M_1M,TB|15M_1M|RT,2025-11-14 20:44:00+00:00,2025-11-14 20:44:00+00:00
479,GBPUSD,SELL,-8.500000000000174,FB_4H_5M,FB|4H_5M|RVDIV,2025-11-14 20:44:00+00:00,2025-11-14 20:44:00+00:00
480,ETHUSD,BUY,-4.530999999999994,TB_15M_1M,TB|15M_1M|RT,2025-11-14 20:44:00+00:00,2025-11-14 20:44:00+00:00
481,US500_x100,BUY,-183.00000000000182,TB_4H_5M,TB|4H_5M|RT,2025-11-14 20:44:00+00:00,2025-11-14 20:44:00+00:00
482,US500,BUY,-1.8300000000000183,TB_4H_5M,TB|4H_5M|RT,2025-11-14 20:44:00+00:00,2025-11-14 20:44:00+00:00
483,EURGBP,BUY,-7.77248299999973,FB_15M_1M,FB|15M_1M|BVRVDIV,2025-11-14 20:44:00+00:00,2025-11-14 20:44:00+00:00
484,JP225,BUY,0.07894243026210886,TB_4H_5M,TB|4H_5M|RT,2025-11-14 20:44:00+00:00,2025-11-14 20:44:00+00:00
485,NZDUSD,SELL,2.8999999999990145,FB_4H_5M,FB|4H_5M|BVRVDIV,2025-11-14 20:44:00+00:00,2025-11-14 20:44:00+00:00
486,GBPAUD,BUY,4.378583999999663,FB_4H_5M,FB|4H_5M|RVDIV,2025-11-14 20:44:00+00:00,2025-11-14 20:44:00+00:00
487,NZDJPY,SELL,-4.85301825381951,FB_4H_5M,FB|4H_5M|BVRVDIV,2025-11-14 20:44:00+00:00,2025-11-14 20:44:00+00:00
489,CADJPY,SELL,-6.147156454837739,FB_4H_5M,FB|4H_5M|BVRVDIV,2025-11-14 20:44:00+00:00,2025-11-14 20:44:00+00:00
491,ETHUSD,SELL,4.860999999999968,FB_4H_5M,FB|4H_5M|RVDIV,2025-11-14 20:44:00+00:00,2025-11-14 20:44:00+00:00
492,USDZAR,SELL,-26.42072816649737,FB_4H_5M,FB|4H_5M|RVDIV,2025-11-14 20:44:00+00:00,2025-11-14 20:44:00+00:00
496,NZDUSD,BUY,-3.3000000000005247,FB_15M_1M,FB|15M_1M|BVRVDIV,2025-11-14 20:44:00+00:00,2025-11-14 20:44:00+00:00
498,NZDUSD,SELL,-3.7000000000009248,TB_15M_1M,TB|15M_1M|RT,2025-11-14 20:44:00+00:00,2025-11-14 20:44:00+00:00
499,GBPCAD,SELL,-8.5556007101155,TB_15M_1M,TB|15M_1M|RT,2025-11-14 20:44:00+00:00,2025-11-14 20:44:00+00:00
500,BTCAUD,SELL,283.2028920000038,FB_15M_1M,FB|15M_1M|RVDIV,2025-11-14 20:44:00+00:00,2025-11-14 20:44:00+00:00
501,US30_x10,SELL,-2.900000000001456,TB_4H_5M,TB|4H_5M|RT,2025-11-14 20:44:00+00:00,2025-11-14 20:44:00+00:00
502,US30,SELL,-0.2900000000001456,TB_4H_5M,TB|4H_5M|RT,2025-11-14 20:44:00+00:00,2025-11-14 20:44:00+00:00
503,GBPNZD,SELL,-19.02733000000106,TB_15M_1M,TB|15M_1M|RT,2025-11-14 20:44:00+00:00,2025-11-14 20:44:00+00:00
504,EURCHF,BUY,-7.430262577923045,TB_4H_5M,TB|4H_5M|RT,2025-11-14 20:44:00+00:00,2025-11-14 20:44:00+00:00
505,BTCUSD,SELL,31.819000000000234,FB_15M_1M,FB|15M_1M|RVDIV,2025-11-14 20:44:00+00:00,2025-11-14 20:44:00+00:00
506,GBPNZD,BUY,9.996447999999909,FB_15M_1M,FB|15M_1M|RVDIV,2025-11-14 20:44:00+00:00,2025-11-14 20:44:00+00:00
507,USDJPY,SELL,1.3588451110703823,FB_4H_5M,FB|4H_5M|RVDIV,2025-11-14 20:44:00+00:00,2025-11-14 20:44:00+00:00
508,AUDUSD,SELL,5.199999999999649,FB_4H_5M,FB|4H_5M|BVRVDIV,2025-11-14 20:44:00+00:00,2025-11-14 20:44:00+00:00
509,BTCAUD,SELL,-285.6862680000057,TB_4H_5M,TB|4H_5M|RT,2025-11-14 20:44:00+00:00,2025-11-14 20:44:00+00:00
510,EURCHF,SELL,-6.296832693156048,FB_4H_5M,FB|4H_5M|RVDIV,2025-11-14 20:44:00+00:00,2025-11-14 20:44:00+00:00
512,GBPJPY,SELL,-9.317795047333458,FB_4H_5M,FB|4H_5M|RVDIV,2025-11-14 20:44:00+00:00,2025-11-14 20:44:00+00:00
515,BTCCNH,BUY,-375.08924661073956,FB_4H_5M,FB|4H_5M|RVDIV,2025-11-14 20:44:00+00:00,2025-11-14 20:44:00+00:00
516,BTCUSD,BUY,-52.27300000000105,FB_4H_5M,FB|4H_5M|RVDIV,2025-11-14 20:44:00+00:00,2025-11-14 20:44:00+00:00
517,BTCJPY,BUY,-70.29629294112318,FB_4H_5M,FB|4H_5M|RVDIV,2025-11-14 20:44:00+00:00,2025-11-14 20:44:00+00:00
518,BTCJPY,SELL,93.29765825692526,FB_15M_1M,FB|15M_1M|RVDIV,2025-11-14 20:44:00+00:00,2025-11-14 20:44:00+00:00
519,BTCAUD,BUY,-148.2510120000038,FB_4H_5M,FB|4H_5M|RVDIV,2025-11-14 20:44:00+00:00,2025-11-14 20:44:00+00:00
522,BTCUSD,SELL,52.951999999998954,TB_4H_5M,TB|4H_5M|RT,2025-11-14 20:44:00+00:00,2025-11-14 20:44:00+00:00
523,BTCCNH,SELL,327.96281144779107,TB_4H_5M,TB|4H_5M|RT,2025-11-14 20:44:00+00:00,2025-11-14 20:44:00+00:00
524,BTCJPY,SELL,55.79418026051002,TB_4H_5M,TB|4H_5M|RT,2025-11-14 20:44:00+00:00,2025-11-14 20:44:00+00:00
525,XAGUSD,BUY,-125.50000000000239,TB_15M_1M,TB|15M_1M|RT,2025-11-14 20:44:00+00:00,2025-11-14 20:44:00+00:00
527,NZDCAD,BUY,-4.491690372809648,FB_15M_1M,FB|15M_1M|RVDIV,2025-11-14 20:44:00+00:00,2025-11-14 20:44:00+00:00
528,CADJPY,BUY,-6.082449544787425,TB_4H_5M,TB|4H_5M|RT,2025-11-14 20:44:00+00:00,2025-11-14 20:44:00+00:00
529,GBPCAD,SELL,-7.985227329442188,TB_15M_1M,TB|15M_1M|RT,2025-11-14 20:44:00+00:00,2025-11-14 20:44:00+00:00
530,US500_x100,SELL,-167.60000000000218,FB_4H_5M,FB|4H_5M|RVDIV,2025-11-14 20:44:00+00:00,2025-11-14 20:44:00+00:00
531,US500,SELL,-1.676000000000022,FB_4H_5M,FB|4H_5M|RVDIV,2025-11-14 20:44:00+00:00,2025-11-14 20:44:00+00:00
532,CADJPY,SELL,-3.6235869628515935,FB_4H_5M,FB|4H_5M|RVDIV,2025-11-14 20:44:00+00:00,2025-11-14 20:44:00+00:00
533,USDCAD,SELL,-3.2796469388782676,FB_15M_1M,FB|15M_1M|BVRVDIV,2025-11-14 20:44:00+00:00,2025-11-14 20:44:00+00:00
535,BTCZAR,SELL,-243.5350209149478,TB_4H_5M,TB|4H_5M|RT,2025-11-14 20:44:00+00:00,2025-11-14 20:44:00+00:00
537,EURNZD,SELL,-5.45260800000041,TB_4H_5M,TB|4H_5M|RT,2025-11-14 20:44:00+00:00,2025-11-14 20:44:00+00:00
538,BTCAUD,SELL,-239.71113600000191,TB_15M_1M,TB|15M_1M|RT,2025-11-14 20:44:00+00:00,2025-11-14 20:44:00+00:00
539,USTEC_x100,BUY,254.900000000016,TB_4H_5M,TB|4H_5M|RT,2025-11-14 20:44:00+00:00,2025-11-14 20:44:00+00:00
540,USTEC,BUY,2.5490000000001602,TB_4H_5M,TB|4H_5M|RT,2025-11-14 20:44:00+00:00,2025-11-14 20:44:00+00:00
541,BTCUSD,BUY,54.40400000000082,FB_15M_1M,FB|15M_1M|RVDIV,2025-11-14 20:44:00+00:00,2025-11-14 20:44:00+00:00
542,BTCCNH,BUY,253.48853911572232,FB_15M_1M,FB|15M_1M|RVDIV,2025-11-14 20:44:00+00:00,2025-11-14 20:44:00+00:00
543,BTCZAR,BUY,-598.7645765753754,FB_15M_1M,FB|15M_1M|RVDIV,2025-11-14 20:44:00+00:00,2025-11-14 20:44:00+00:00
544,BTCAUD,BUY,204.78049199999433,FB_15M_1M,FB|15M_1M|RVDIV,2025-11-14 20:44:00+00:00,2025-11-14 20:44:00+00:00
545,EURNZD,BUY,-6.872557999999623,FB_4H_5M,FB|4H_5M|RVDIV,2025-11-14 20:44:00+00:00,2025-11-14 20:44:00+00:00
546,GBPNZD,SELL,-9.087679999999002,FB_15M_1M,FB|15M_1M|RVDIV,2025-11-14 20:44:00+00:00,2025-11-14 20:44:00+00:00
547,ETHUSD,BUY,-4.030999999999994,TB_15M_1M,TB|15M_1M|RT,2025-11-14 20:44:00+00:00,2025-11-14 20:44:00+00:00
548,ETHUSD,SELL,-0.07100000000000364,FB_15M_1M,FB|15M_1M|RVDIV,2025-11-14 20:44:00+00:00,2025-11-14 20:44:00+00:00
550,GBPUSD,SELL,-4.299999999999304,TB_15M_1M,TB|15M_1M|RTCV,2025-11-14 20:44:00+00:00,2025-11-14 20:44:00+00:00
552,EURCHF,SELL,-2.51873307726186,FB_4H_5M,FB|4H_5M|BVRVDIV,2025-11-14 20:44:00+00:00,2025-11-14 20:44:00+00:00
555,XAGUSD,SELL,39.99999999999915,FB_15M_1M,FB|15M_1M|RVDIV,2025-11-14 20:44:00+00:00,2025-11-14 20:44:00+00:00
561,GBPJPY,SELL,-8.864846676978503,FB_4H_5M,FB|4H_5M|RVDIV,2025-11-14 20:44:00+00:00,2025-11-14 20:44:00+00:00
562,GBPUSD,SELL,-1.0999999999983243,TB_15M_1M,TB|15M_1M|RTCV,2025-11-14 20:44:00+00:00,2025-11-14 20:44:00+00:00
564,BTCAUD,BUY,-54.6342719999943,FB_15M_1M,FB|15M_1M|RVDIV,2025-11-14 20:44:00+00:00,2025-11-14 20:44:00+00:00
534,US500,BUY,-1.7270000000000438,TB_4H_5M,TB|4H_5M|RT,2025-11-14 20:44:00+00:00,2025-11-14 20:51:00+00:00
560,GBPCAD,SELL,-7.557447293935226,FB_4H_5M,FB|4H_5M|RVDIV,2025-11-14 20:44:00+00:00,2025-11-14 20:51:00+00:00
551,NZDCAD,BUY,-4.562987045393615,FB_15M_1M,FB|15M_1M|RVDIV,2025-11-14 20:44:00+00:00,2025-11-14 20:57:00+00:00
559,GBPNZD,SELL,-12.89314600000123,FB_15M_1M,FB|15M_1M|BVRVDIV,2025-11-14 20:44:00+00:00,2025-11-14 20:57:00+00:00
494,CHFJPY,SELL,9.317795047333458,TB_4H_5M,TB|4H_5M|RT,2025-11-14 20:44:00+00:00,2025-11-14 20:59:00+00:00
556,ETHUSD,SELL,5.467999999999984,FB_15M_1M,FB|15M_1M|RVDIV,2025-11-14 20:44:00+00:00,2025-11-14 21:04:00+00:00
563,BTCZAR,SELL,140.72926589790416,TB_15M_1M,TB|15M_1M|RT,2025-11-14 20:44:00+00:00,2025-11-14 21:04:00+00:00
565,BTCAUD,SELL,112.56882000000002,TB_15M_1M,TB|15M_1M|RTCV,2025-11-14 20:44:00+00:00,2025-11-14 21:04:00+00:00
568,US500_x100,SELL,23.80000000000109,FB_4H_5M,FB|4H_5M|RVDIV,2025-11-14 20:46:00+00:00,2025-11-14 21:09:00+00:00
569,US500,SELL,0.23800000000001093,FB_4H_5M,FB|4H_5M|RVDIV,2025-11-14 20:46:00+00:00,2025-11-14 21:09:00+00:00
571,USTEC,SELL,-3.3909999999996217,FB_4H_5M,FB|4H_5M|RVDIV,2025-11-14 20:51:00+00:00,2025-11-14 21:11:00+00:00
570,CADJPY,SELL,-4.464776793514868,FB_4H_5M,FB|4H_5M|BVRVDIV,2025-11-14 20:46:00+00:00,2025-11-14 21:16:00+00:00
488,USDCAD,BUY,-6.0602171696664,FB_4H_5M,FB|4H_5M|RVDIV,2025-11-14 20:44:00+00:00,2025-11-14 21:20:00+00:00
495,USDZAR,BUY,-45.139796528815516,TB_4H_5M,TB|4H_5M|RT,2025-11-14 20:44:00+00:00,2025-11-14 21:21:00+00:00
576,BTCCNH,BUY,-140.59069638408317,FB_15M_1M,FB|15M_1M|RVDIV,2025-11-14 21:17:00+00:00,2025-11-14 21:28:00+00:00
497,GBPUSD,BUY,9.099999999999664,TB_4H_5M,TB|4H_5M|RT,2025-11-14 20:44:00+00:00,2025-11-14 21:29:00+00:00
574,GBPCAD,BUY,-12.762104392589285,TB_4H_5M,TB|4H_5M|RT,2025-11-14 20:56:00+00:00,2025-11-14 21:31:00+00:00
553,USDCAD,SELL,4.562987045394406,FB_15M_1M,FB|15M_1M|RVDIV,2025-11-14 20:44:00+00:00,2025-11-14 21:39:00+00:00
580,GBPCAD,SELL,-14.473224534610802,TB_15M_1M,TB|15M_1M|BVRT,2025-11-14 21:35:00+00:00,2025-11-14 21:49:00+00:00
554,GBPUSD,BUY,3.6999999999998145,FB_15M_1M,FB|15M_1M|RVDIV,2025-11-14 20:44:00+00:00,2025-11-14 21:56:00+00:00
577,USDCAD,SELL,-6.345403860002263,TB_4H_5M,TB|4H_5M|RT,2025-11-14 21:20:00+00:00,2025-11-14 21:56:00+00:00
575,GBPCAD,SELL,-9.553754126295775,FB_15M_1M,FB|15M_1M|RVDIV,2025-11-14 21:05:00+00:00,2025-11-14 21:59:00+00:00
566,BTCUSD,SELL,-46.58099999999977,TB_15M_1M,TB|15M_1M|RT,2025-11-14 20:44:00+00:00,2025-11-14 22:01:00+00:00
567,BTCCNH,SELL,-247.00363745949582,TB_15M_1M,TB|15M_1M|RT,2025-11-14 20:44:00+00:00,2025-11-14 22:01:00+00:00
584,BTCAUD,SELL,-300.91328399999816,TB_15M_1M,TB|15M_1M|RTCV,2025-11-14 22:15:00+00:00,2025-11-14 22:31:00+00:00
585,BTCUSD,SELL,-54.35299999999989,TB_15M_1M,TB|15M_1M|BVRTCV,2025-11-14 22:17:00+00:00,2025-11-14 22:31:00+00:00
586,BTCCNH,SELL,-307.0928347821614,TB_15M_1M,TB|15M_1M|BVRTCV,2025-11-14 22:17:00+00:00,2025-11-14 22:31:00+00:00
581,BTCUSD,BUY,20.431999999999245,FB_15M_1M,FB|15M_1M|BVRVDIV,2025-11-14 21:44:00+00:00,2025-11-14 22:50:00+00:00
588,BTCAUD,BUY,-277.3212119999943,FB_15M_1M,FB|15M_1M|RVDIV,2025-11-14 22:30:00+00:00,2025-11-14 23:03:00+00:00
587,BTCCNH,BUY,-288.3492862383454,FB_15M_1M,FB|15M_1M|RVDIV,2025-11-14 22:21:00+00:00,2025-11-14 23:04:00+00:00
589,BTCAUD,SELL,169.75182,TB_15M_1M,TB|15M_1M|BVRT,2025-11-14 22:56:00+00:00,2025-11-14 23:11:00+00:00
594,BTCJPY,SELL,-9.735154617161566,TB_15M_1M,TB|15M_1M|RT,2025-11-14 23:18:00+00:00,2025-11-14 23:38:00+00:00
595,BTCCNH,BUY,-226.68287070613073,FB_15M_1M,FB|15M_1M|RVDIV,2025-11-14 23:52:00+00:00,2025-11-14 23:56:00+00:00
